fov,sep,width,vel,dps,foot
1.2,2418.0,1220.879,100.0,12.0,68.6757
1.2,2420.0,1204.924,100.0,12.0,68.7958
1.2,2422.0,1188.741,100.0,12.0,68.9162
1.2,2424.0,1172.321,100.0,12.0,69.0371
1.2,2426.0,1155.655,105.0,12.0,69.0801
1.2,2428.0,1138.73,105.0,12.0,69.203
1.2,2430.0,1121.535,110.0,12.0,69.2503
1.2,2432.0,1104.059,110.0,12.0,69.3754
1.2,2434.0,1086.286,110.0,12.0,69.501
1.2,2436.0,1068.203,115.0,12.0,69.5546
1.2,2438.0,1049.793,115.0,12.0,69.6826
1.2,2440.0,1031.039,120.0,12.0,69.7411
1.2,2442.0,1011.922,120.0,12.0,69.8717
1.2,2444.0,992.42,125.0,12.0,69.9354
1.2,2446.0,972.511,125.0,12.0,70.0689
1.2,2448.0,952.169,130.0,12.0,70.1382
1.2,2450.0,931.365,135.0,12.0,70.2113
1.2,2452.0,910.069,135.0,12.0,70.3503
1.2,2454.0,888.244,140.0,12.0,70.4297
1.2,2456.0,865.851,140.0,12.0,70.5725
1.2,2458.0,842.844,140.0,12.0,70.7166
1.2,2460.0,819.171,140.0,12.0,70.8621
1.2,2462.0,794.774,140.0,12.0,71.0091
1.2,2464.0,769.583,140.0,12.0,71.1577
1.2,2466.0,743.517,140.0,12.0,71.3081
1.2,2468.0,716.481,140.0,12.0,71.4605
1.2,2470.0,688.361,140.0,12.0,71.6151
1.2,2472.0,659.018,140.0,12.0,71.7721
1.2,2474.0,628.281,140.0,12.0,71.9319
1.2,2476.0,595.934,140.0,12.0,72.095
1.2,2478.0,561.699,140.0,12.0,72.2617
1.2,2480.0,525.206,140.0,12.0,72.4329
1.2,2482.0,485.948,140.0,12.0,72.6096
1.2,2484.0,443.19,140.0,12.0,72.793
1.2,2486.0,395.8,140.0,12.0,72.9854
1.2,2488.0,341.856,140.0,12.0,73.1905
1.2,2490.0,277.563,140.0,12.0,73.4155
1.2,2492.0,192.835,140.0,12.0,73.6797
1.4,2128.0,1182.309,100.0,14.0,64.6584
1.4,2130.0,1167.814,100.0,14.0,64.779
1.4,2132.0,1153.124,100.0,14.0,64.9
1.4,2134.0,1138.229,100.0,14.0,65.0214
1.4,2136.0,1123.123,105.0,14.0,65.0673
1.4,2138.0,1107.797,105.0,14.0,65.1905
1.4,2140.0,1092.241,105.0,14.0,65.3141
1.4,2142.0,1076.445,110.0,14.0,65.3653
1.4,2144.0,1060.399,110.0,14.0,65.491
1.4,2146.0,1044.091,115.0,14.0,65.5463
1.4,2148.0,1027.509,115.0,14.0,65.6741
1.4,2150.0,1010.638,115.0,14.0,65.8024
1.4,2152.0,993.466,120.0,14.0,65.8639
1.4,2154.0,975.974,120.0,14.0,65.9946
1.4,2156.0,958.147,125.0,14.0,66.0609
1.4,2158.0,939.965,125.0,14.0,66.1942
1.4,2160.0,921.407,130.0,14.0,66.2655
1.4,2162.0,902.449,135.0,14.0,66.3402
1.4,2164.0,883.066,135.0,14.0,66.4785
1.4,2166.0,863.23,140.0,14.0,66.559
1.4,2168.0,842.908,140.0,14.0,66.7007
1.4,2170.0,822.065,140.0,14.0,66.8435
1.4,2172.0,800.659,140.0,14.0,66.9875
1.4,2174.0,778.644,140.0,14.0,67.1329
1.4,2176.0,755.967,140.0,14.0,67.2796
1.4,2178.0,732.567,140.0,14.0,67.4278
1.4,2180.0,708.371,140.0,14.0,67.5777
1.4,2182.0,683.296,140.0,14.0,67.7295
1.4,2184.0,657.241,140.0,14.0,67.8832
1.4,2186.0,630.084,140.0,14.0,68.0392
1.4,2188.0,601.676,140.0,14.0,68.1977
1.4,2190.0,571.83,140.0,14.0,68.3591
1.4,2192.0,540.309,140.0,14.0,68.5239
1.4,2194.0,506.8,140.0,14.0,68.6926
1.4,2196.0,470.878,140.0,14.0,68.866
1.4,2198.0,431.942,140.0,14.0,69.0454
1.4,2200.0,389.089,140.0,14.0,69.2324
1.4,2202.0,340.843,140.0,14.0,69.4298
1.4,2204.0,284.475,140.0,14.0,69.643
1.4,2206.0,213.649,140.0,14.0,69.8839
1.6,1895.0,1145.5,100.0,16.0,61.3423
1.6,1897.0,1132.181,100.0,16.0,61.463
1.6,1899.0,1118.69,100.0,16.0,61.584
1.6,1901.0,1105.019,100.0,16.0,61.7054
1.6,1903.0,1091.162,105.0,16.0,61.7538
1.6,1905.0,1077.112,105.0,16.0,61.8769
1.6,1907.0,1062.862,105.0,16.0,62.0004
1.6,1909.0,1048.402,110.0,16.0,62.0536
1.6,1911.0,1033.725,110.0,16.0,62.1789
1.6,1913.0,1018.82,110.0,16.0,62.3047
1.6,1915.0,1003.679,115.0,16.0,62.3632
1.6,1917.0,988.289,115.0,16.0,62.491
1.6,1919.0,972.639,120.0,16.0,62.5535
1.6,1921.0,956.717,120.0,16.0,62.6835
1.6,1923.0,940.508,125.0,16.0,62.7503
1.6,1925.0,923.997,125.0,16.0,62.8826
1.6,1927.0,907.168,130.0,16.0,62.9539
1.6,1929.0,890.004,130.0,16.0,63.0888
1.6,1931.0,872.483,135.0,16.0,63.1651
1.6,1933.0,854.584,135.0,16.0,63.3027
1.6,1935.0,836.284,140.0,16.0,63.3842
1.6,1937.0,817.554,140.0,16.0,63.525
1.6,1939.0,798.365,140.0,16.0,63.6667
1.6,1941.0,778.683,140.0,16.0,63.8095
1.6,1943.0,758.469,140.0,16.0,63.9535
1.6,1945.0,737.679,140.0,16.0,64.0988
1.6,1947.0,716.264,140.0,16.0,64.2453
1.6,1949.0,694.166,140.0,16.0,64.3934
1.6,1951.0,671.317,140.0,16.0,64.543
1.6,1953.0,647.638,140.0,16.0,64.6944
1.6,1955.0,623.033,140.0,16.0,64.8477
1.6,1957.0,597.39,140.0,16.0,65.0031
1.6,1959.0,570.567,140.0,16.0,65.161
1.6,1961.0,542.39,140.0,16.0,65.3216
1.6,1963.0,512.635,140.0,16.0,65.4853
1.6,1965.0,481.01,140.0,16.0,65.6529
1.6,1967.0,447.118,140.0,16.0,65.8249
1.6,1969.0,410.398,140.0,16.0,66.0025
1.6,1971.0,370.009,140.0,16.0,66.1872
1.6,1973.0,324.584,140.0,16.0,66.3818
1.6,1975.0,271.607,140.0,16.0,66.591
1.6,1977.0,205.316,140.0,16.0,66.8258
1.8,1703.0,1102.675,100.0,18.0,58.6224
1.8,1705.0,1090.242,100.0,18.0,58.7429
1.8,1707.0,1077.651,100.0,18.0,58.8638
1.8,1709.0,1064.896,100.0,18.0,58.985
1.8,1711.0,1051.971,105.0,18.0,59.036
1.8,1713.0,1038.87,105.0,18.0,59.1588
1.8,1715.0,1025.586,105.0,18.0,59.2821
1.8,1717.0,1012.112,110.0,18.0,59.3376
1.8,1719.0,998.44,110.0,18.0,59.4626
1.8,1721.0,984.563,110.0,18.0,59.588
1.8,1723.0,970.47,115.0,18.0,59.6485
1.8,1725.0,956.152,115.0,18.0,59.7758
1.8,1727.0,941.6,120.0,18.0,59.84
1.8,1729.0,926.803,120.0,18.0,59.9693
1.8,1731.0,911.747,125.0,18.0,60.0375
1.8,1733.0,896.421,125.0,18.0,60.169
1.8,1735.0,880.811,130.0,18.0,60.2414
1.8,1737.0,864.9,130.0,18.0,60.3753
1.8,1739.0,848.672,135.0,18.0,60.4523
1.8,1741.0,832.108,135.0,18.0,60.5887
1.8,1743.0,815.188,140.0,18.0,60.6705
1.8,1745.0,797.889,140.0,18.0,60.8098
1.8,1747.0,780.187,140.0,18.0,60.95
1.8,1749.0,762.052,140.0,18.0,61.0912
1.8,1751.0,743.454,140.0,18.0,61.2334
1.8,1753.0,724.356,140.0,18.0,61.3768
1.8,1755.0,704.718,140.0,18.0,61.5213
1.8,1757.0,684.493,140.0,18.0,61.6672
1.8,1759.0,663.629,140.0,18.0,61.8144
1.8,1761.0,642.062,140.0,18.0,61.9631
1.8,1763.0,619.719,140.0,18.0,62.1135
1.8,1765.0,596.513,140.0,18.0,62.2658
1.8,1767.0,572.338,140.0,18.0,62.42
1.8,1769.0,547.068,140.0,18.0,62.5765
1.8,1771.0,520.541,140.0,18.0,62.7356
1.8,1773.0,492.556,140.0,18.0,62.8977
1.8,1775.0,462.847,140.0,18.0,63.0632
1.8,1777.0,431.058,140.0,18.0,63.2329
1.8,1779.0,396.69,140.0,18.0,63.4077
1.8,1781.0,359.003,140.0,18.0,63.589
1.8,1783.0,316.814,140.0,18.0,63.7792
1.8,1785.0,268.006,140.0,18.0,63.9822
1.8,1787.0,207.97,140.0,18.0,64.2068
1.8,1789.0,121.01,140.0,18.0,64.4831
2.0,1540.0,1060.061,100.0,20.0,56.3133
2.0,1542.0,1048.367,100.0,20.0,56.4332
2.0,1544.0,1036.526,100.0,20.0,56.5534
2.0,1546.0,1024.532,105.0,20.0,56.6055
2.0,1548.0,1012.38,105.0,20.0,56.7273
2.0,1550.0,1000.065,105.0,20.0,56.8495
2.0,1552.0,987.58,110.0,20.0,56.9058
2.0,1554.0,974.918,110.0,20.0,57.0296
2.0,1556.0,962.074,110.0,20.0,57.1538
2.0,1558.0,949.038,115.0,20.0,57.2147
2.0,1560.0,935.804,115.0,20.0,57.3407
2.0,1562.0,922.363,115.0,20.0,57.4671
2.0,1564.0,908.706,120.0,20.0,57.5328
2.0,1566.0,894.822,120.0,20.0,57.6612
2.0,1568.0,880.701,125.0,20.0,57.7307
2.0,1570.0,866.331,125.0,20.0,57.8612
2.0,1572.0,851.701,130.0,20.0,57.9346
2.0,1574.0,836.795,130.0,20.0,58.0673
2.0,1576.0,821.6,135.0,20.0,58.145
2.0,1578.0,806.098,135.0,20.0,58.2801
2.0,1580.0,790.272,140.0,20.0,58.3623
2.0,1582.0,774.102,140.0,20.0,58.5001
2.0,1584.0,757.566,140.0,20.0,58.6387
2.0,1586.0,740.639,140.0,20.0,58.7783
2.0,1588.0,723.294,140.0,20.0,58.9189
2.0,1590.0,705.5,140.0,20.0,59.0605
2.0,1592.0,687.222,140.0,20.0,59.2032
2.0,1594.0,668.42,140.0,20.0,59.347
2.0,1596.0,649.05,140.0,20.0,59.4922
2.0,1598.0,629.058,140.0,20.0,59.6387
2.0,1600.0,608.383,140.0,20.0,59.7867
2.0,1602.0,586.953,140.0,20.0,59.9364
2.0,1604.0,564.682,140.0,20.0,60.0878
2.0,1606.0,541.466,140.0,20.0,60.2412
2.0,1608.0,517.179,140.0,20.0,60.3969
2.0,1610.0,491.66,140.0,20.0,60.5551
2.0,1612.0,464.708,140.0,20.0,60.7163
2.0,1614.0,436.057,140.0,20.0,60.8809
2.0,1616.0,405.347,140.0,20.0,61.0496
2.0,1618.0,372.067,140.0,20.0,61.2235
2.0,1620.0,335.455,140.0,20.0,61.4039
2.0,1622.0,294.268,140.0,20.0,61.5933
2.0,1624.0,246.223,140.0,20.0,61.796
2.0,1626.0,186.08,140.0,20.0,62.022
2.2,1398.0,1023.48,100.0,22.0,54.2844
2.2,1400.0,1012.486,100.0,22.0,54.4031
2.2,1402.0,1001.355,100.0,22.0,54.5221
2.2,1404.0,990.083,105.0,22.0,54.5756
2.2,1406.0,978.664,105.0,22.0,54.6961
2.2,1408.0,967.094,105.0,22.0,54.817
2.2,1410.0,955.368,105.0,22.0,54.9383
2.2,1412.0,943.478,110.0,22.0,54.9969
2.2,1414.0,931.42,110.0,22.0,55.1198
2.2,1416.0,919.186,115.0,22.0,55.1815
2.2,1418.0,906.77,115.0,22.0,55.306
2.2,1420.0,894.163,115.0,22.0,55.4311
2.2,1422.0,881.358,120.0,22.0,55.4973
2.2,1424.0,868.345,120.0,22.0,55.6242
2.2,1426.0,855.116,125.0,22.0,55.694
2.2,1428.0,841.66,125.0,22.0,55.8228
2.2,1430.0,827.966,125.0,22.0,55.9522
2.2,1432.0,814.022,130.0,22.0,56.0273
2.2,1434.0,799.815,130.0,22.0,56.1589
2.2,1436.0,785.33,135.0,22.0,56.238
2.2,1438.0,770.553,140.0,22.0,56.3197
2.2,1440.0,755.465,140.0,22.0,56.4554
2.2,1442.0,740.048,140.0,22.0,56.5919
2.2,1444.0,724.281,140.0,22.0,56.7293
2.2,1446.0,708.141,140.0,22.0,56.8676
2.2,1448.0,691.601,140.0,22.0,57.0069
2.2,1450.0,674.631,140.0,22.0,57.1471
2.2,1452.0,657.2,140.0,22.0,57.2885
2.2,1454.0,639.268,140.0,22.0,57.431
2.2,1456.0,620.793,140.0,22.0,57.5747
2.2,1458.0,601.724,140.0,22.0,57.7198
2.2,1460.0,582.003,140.0,22.0,57.8663
2.2,1462.0,561.562,140.0,22.0,58.0144
2.2,1464.0,540.318,140.0,22.0,58.1643
2.2,1466.0,518.173,140.0,22.0,58.3161
2.2,1468.0,495.007,140.0,22.0,58.47
2.2,1470.0,470.667,140.0,22.0,58.6264
2.2,1472.0,444.962,140.0,22.0,58.7856
2.2,1474.0,417.64,140.0,22.0,58.9481
2.2,1476.0,388.36,140.0,22.0,59.1146
2.2,1478.0,356.639,140.0,22.0,59.286
2.2,1480.0,321.757,140.0,22.0,59.4636
2.2,1482.0,282.545,140.0,22.0,59.6497
2.2,1484.0,236.862,140.0,22.0,59.8485
2.2,1486.0,179.843,140.0,22.0,60.0691
2.4,1258.0,1061.23,100.0,26.0,51.7785
2.4,1260.0,1051.697,100.0,26.0,51.8922
2.4,1262.0,1042.06,100.0,26.0,52.0061
2.4,1264.0,1032.319,100.0,26.0,52.1204
2.4,1266.0,1022.468,100.0,26.0,52.235
2.4,1268.0,1012.507,105.0,26.0,52.2882
2.4,1270.0,1002.43,105.0,26.0,52.404
2.4,1272.0,992.235,105.0,26.0,52.5202
2.4,1274.0,981.917,110.0,26.0,52.5767
2.4,1276.0,971.474,110.0,26.0,52.6941
2.4,1278.0,960.9,110.0,26.0,52.8119
2.4,1280.0,950.192,110.0,26.0,52.9301
2.4,1282.0,939.345,115.0,26.0,52.991
2.4,1284.0,928.354,115.0,26.0,53.1106
2.4,1286.0,917.214,115.0,26.0,53.2306
2.4,1288.0,905.919,120.0,26.0,53.2952
2.4,1290.0,894.464,120.0,26.0,53.4166
2.4,1292.0,882.842,125.0,26.0,53.4841
2.4,1294.0,871.046,125.0,26.0,53.6071
2.4,1296.0,859.07,125.0,26.0,53.7307
2.4,1298.0,846.906,130.0,26.0,53.8023
2.4,1300.0,834.545,130.0,26.0,53.9275
2.4,1302.0,821.979,135.0,26.0,54.0023
2.4,1304.0,809.198,135.0,26.0,54.1294
2.4,1306.0,796.192,140.0,26.0,54.2076
2.4,1308.0,782.949,140.0,26.0,54.3366
2.4,1310.0,769.458,140.0,26.0,54.4664
2.4,1312.0,755.705,140.0,26.0,54.5967
2.4,1314.0,741.675,140.0,26.0,54.7278
2.4,1316.0,727.353,140.0,26.0,54.8596
2.4,1318.0,712.72,140.0,26.0,54.9921
2.4,1320.0,697.758,140.0,26.0,55.1255
2.4,1322.0,682.444,140.0,26.0,55.2596
2.4,1324.0,666.755,140.0,26.0,55.3946
2.4,1326.0,650.663,140.0,26.0,55.5306
2.4,1328.0,634.137,140.0,26.0,55.6675
2.4,1330.0,617.143,140.0,26.0,55.8055
2.4,1332.0,599.641,140.0,26.0,55.9445
2.4,1334.0,581.586,140.0,26.0,56.0848
2.4,1336.0,562.922,140.0,26.0,56.2263
2.4,1338.0,543.59,140.0,26.0,56.3692
2.4,1340.0,523.513,140.0,26.0,56.5137
2.4,1342.0,502.603,140.0,26.0,56.6598
2.4,1344.0,480.751,140.0,26.0,56.8079
2.4,1346.0,457.823,140.0,26.0,56.958
2.4,1348.0,433.647,140.0,26.0,57.1106
2.4,1350.0,408.002,140.0,26.0,57.266
2.4,1352.0,380.591,140.0,26.0,57.4247
2.4,1354.0,351.001,140.0,26.0,57.5876
2.4,1356.0,318.625,140.0,26.0,57.7555
2.4,1358.0,282.506,140.0,26.0,57.9303
2.4,1360.0,240.968,140.0,26.0,58.115
2.4,1362.0,190.499,140.0,26.0,58.3156
2.4,1364.0,120.34,140.0,26.0,58.5512
2.6,1149.0,1006.982,100.0,28.0,50.4244
2.6,1151.0,997.803,100.0,28.0,50.5365
2.6,1153.0,988.524,100.0,28.0,50.6489
2.6,1155.0,979.14,100.0,28.0,50.7617
2.6,1157.0,969.649,105.0,28.0,50.8156
2.6,1159.0,960.048,105.0,28.0,50.9296
2.6,1161.0,950.332,105.0,28.0,51.0439
2.6,1163.0,940.5,110.0,28.0,51.1009
2.6,1165.0,930.546,110.0,28.0,51.2165
2.6,1167.0,920.467,110.0,28.0,51.3325
2.6,1169.0,910.259,110.0,28.0,51.4488
2.6,1171.0,899.918,115.0,28.0,51.5102
2.6,1173.0,889.438,115.0,28.0,51.6279
2.6,1175.0,878.815,115.0,28.0,51.746
2.6,1177.0,868.044,120.0,28.0,51.811
2.6,1179.0,857.118,120.0,28.0,51.9306
2.6,1181.0,846.033,125.0,28.0,51.9983
2.6,1183.0,834.781,125.0,28.0,52.1194
2.6,1185.0,823.356,125.0,28.0,52.2411
2.6,1187.0,811.751,130.0,28.0,52.3128
2.6,1189.0,799.957,130.0,28.0,52.4362
2.6,1191.0,787.967,135.0,28.0,52.511
2.6,1193.0,775.77,135.0,28.0,52.6362
2.6,1195.0,763.358,140.0,28.0,52.7142
2.6,1197.0,750.72,140.0,28.0,52.8413
2.6,1199.0,737.843,140.0,28.0,52.9691
2.6,1201.0,724.715,140.0,28.0,53.0975
2.6,1203.0,711.323,140.0,28.0,53.2266
2.6,1205.0,697.65,140.0,28.0,53.3564
2.6,1207.0,683.681,140.0,28.0,53.487
2.6,1209.0,669.397,140.0,28.0,53.6183
2.6,1211.0,654.776,140.0,28.0,53.7505
2.6,1213.0,639.797,140.0,28.0,53.8835
2.6,1215.0,624.432,140.0,28.0,54.0175
2.6,1217.0,608.654,140.0,28.0,54.1524
2.6,1219.0,592.429,140.0,28.0,54.2883
2.6,1221.0,575.719,140.0,28.0,54.4253
2.6,1223.0,558.48,140.0,28.0,54.5634
2.6,1225.0,540.662,140.0,28.0,54.7029
2.6,1227.0,522.207,140.0,28.0,54.8437
2.6,1229.0,503.043,140.0,28.0,54.9859
2.6,1231.0,483.086,140.0,28.0,55.1299
2.6,1233.0,462.234,140.0,28.0,55.2756
2.6,1235.0,440.359,140.0,28.0,55.4234
2.6,1237.0,417.301,140.0,28.0,55.5735
2.6,1239.0,392.851,140.0,28.0,55.7264
2.6,1241.0,366.731,140.0,28.0,55.8825
2.6,1243.0,338.555,140.0,28.0,56.0424
2.6,1245.0,307.759,140.0,28.0,56.2073
2.6,1247.0,273.459,140.0,28.0,56.3786
2.6,1249.0,234.119,140.0,28.0,56.5592
2.6,1251.0,186.579,140.0,28.0,56.7546
2.6,1253.0,121.572,140.0,28.0,56.9813
2.8,1047.0,970.698,100.0,30.0,49.0738
2.8,1049.0,962.022,100.0,30.0,49.1833
2.8,1051.0,953.25,100.0,30.0,49.2931
2.8,1053.0,944.38,100.0,30.0,49.4033
2.8,1055.0,935.409,105.0,30.0,49.4567
2.8,1057.0,926.334,105.0,30.0,49.5681
2.8,1059.0,917.151,105.0,30.0,49.6798
2.8,1061.0,907.858,105.0,30.0,49.7918
2.8,1063.0,898.451,110.0,30.0,49.8492
2.8,1065.0,888.927,110.0,30.0,49.9625
2.8,1067.0,879.281,110.0,30.0,50.0762
2.8,1069.0,869.509,115.0,30.0,50.1368
2.8,1071.0,859.608,115.0,30.0,50.2519
2.8,1073.0,849.573,115.0,30.0,50.3674
2.8,1075.0,839.399,120.0,30.0,50.4314
2.8,1077.0,829.08,120.0,30.0,50.5483
2.8,1079.0,818.612,120.0,30.0,50.6657
2.8,1081.0,807.989,125.0,30.0,50.7334
2.8,1083.0,797.204,125.0,30.0,50.8523
2.8,1085.0,786.251,125.0,30.0,50.9717
2.8,1087.0,775.122,130.0,30.0,51.0433
2.8,1089.0,763.81,130.0,30.0,51.1645
2.8,1091.0,752.307,135.0,30.0,51.2391
2.8,1093.0,740.604,135.0,30.0,51.362
2.8,1095.0,728.691,140.0,30.0,51.4398
2.8,1097.0,716.557,140.0,30.0,51.5647
2.8,1099.0,704.192,140.0,30.0,51.6902
2.8,1101.0,691.583,140.0,30.0,51.8163
2.8,1103.0,678.715,140.0,30.0,51.9432
2.8,1105.0,665.575,140.0,30.0,52.0707
2.8,1107.0,652.146,140.0,30.0,52.1991
2.8,1109.0,638.409,140.0,30.0,52.3282
2.8,1111.0,624.345,140.0,30.0,52.4581
2.8,1113.0,609.93,140.0,30.0,52.5889
2.8,1115.0,595.139,140.0,30.0,52.7206
2.8,1117.0,579.943,140.0,30.0,52.8533
2.8,1119.0,564.311,140.0,30.0,52.987
2.8,1121.0,548.203,140.0,30.0,53.1218
2.8,1123.0,531.577,140.0,30.0,53.2577
2.8,1125.0,514.384,140.0,30.0,53.395
2.8,1127.0,496.563,140.0,30.0,53.5335
2.8,1129.0,478.044,140.0,30.0,53.6736
2.8,1131.0,458.744,140.0,30.0,53.8154
2.8,1133.0,438.559,140.0,30.0,53.9589
2.8,1135.0,417.361,140.0,30.0,54.1045
2.8,1137.0,394.987,140.0,30.0,54.2525
2.8,1139.0,371.223,140.0,30.0,54.4032
2.8,1141.0,345.784,140.0,30.0,54.5572
2.8,1143.0,318.268,140.0,30.0,54.7152
2.8,1145.0,288.081,140.0,30.0,54.8782
2.8,1147.0,254.272,140.0,30.0,55.0479
2.8,1149.0,215.143,140.0,30.0,55.2274
2.8,1151.0,166.992,140.0,30.0,55.4233
2.8,1153.0,97.234,140.0,30.0,55.6581
3.0,956.0,922.914,100.0,32.0,48.0405
3.0,958.0,914.581,100.0,32.0,48.1473
3.0,960.0,906.154,100.0,32.0,48.2545
3.0,962.0,897.629,100.0,32.0,48.3621
3.0,964.0,889.005,105.0,32.0,48.4157
3.0,966.0,880.279,105.0,32.0,48.5244
3.0,968.0,871.446,105.0,32.0,48.6335
3.0,970.0,862.505,105.0,32.0,48.743
3.0,972.0,853.451,110.0,32.0,48.8004
3.0,974.0,844.281,110.0,32.0,48.9112
3.0,976.0,834.991,110.0,32.0,49.0223
3.0,978.0,825.578,115.0,32.0,49.083
3.0,980.0,816.036,115.0,32.0,49.1955
3.0,982.0,806.361,115.0,32.0,49.3084
3.0,984.0,796.549,120.0,32.0,49.3724
3.0,986.0,786.594,120.0,32.0,49.4868
3.0,988.0,776.491,120.0,32.0,49.6017
3.0,990.0,766.234,125.0,32.0,49.6693
3.0,992.0,755.816,125.0,32.0,49.7857
3.0,994.0,745.232,130.0,32.0,49.8561
3.0,996.0,734.473,130.0,32.0,49.9742
3.0,998.0,723.532,135.0,32.0,50.0474
3.0,1000.0,712.4,135.0,32.0,50.1673
3.0,1002.0,701.069,140.0,32.0,50.2436
3.0,1004.0,689.529,140.0,32.0,50.3653
3.0,1006.0,677.769,140.0,32.0,50.4877
3.0,1008.0,665.776,140.0,32.0,50.6107
3.0,1010.0,653.54,140.0,32.0,50.7344
3.0,1012.0,641.045,140.0,32.0,50.8589
3.0,1014.0,628.276,140.0,32.0,50.984
3.0,1016.0,615.216,140.0,32.0,51.11
3.0,1018.0,601.846,140.0,32.0,51.2367
3.0,1020.0,588.145,140.0,32.0,51.3643
3.0,1022.0,574.089,140.0,32.0,51.4928
3.0,1024.0,559.652,140.0,32.0,51.6223
3.0,1026.0,544.803,140.0,32.0,51.7527
3.0,1028.0,529.508,140.0,32.0,51.8842
3.0,1030.0,513.726,140.0,32.0,52.0168
3.0,1032.0,497.412,140.0,32.0,52.1507
3.0,1034.0,480.51,140.0,32.0,52.2858
3.0,1036.0,462.958,140.0,32.0,52.4224
3.0,1038.0,444.678,140.0,32.0,52.5606
3.0,1040.0,425.575,140.0,32.0,52.7005
3.0,1042.0,405.535,140.0,32.0,52.8424
3.0,1044.0,384.409,140.0,32.0,52.9865
3.0,1046.0,362.009,140.0,32.0,53.1331
3.0,1048.0,338.08,140.0,32.0,53.2828
3.0,1050.0,312.273,140.0,32.0,53.4361
3.0,1052.0,284.074,140.0,32.0,53.594
3.0,1054.0,252.686,140.0,32.0,53.7579
3.0,1056.0,216.726,140.0,32.0,53.9303
3.0,1058.0,173.373,140.0,32.0,54.1163
3.0,1060.0,114.517,140.0,32.0,54.3304
3.2,871.0,878.624,100.0,34.0,47.1192
3.2,873.0,870.649,100.0,34.0,47.2228
3.2,875.0,862.58,100.0,34.0,47.3267
3.2,877.0,854.417,100.0,34.0,47.431
3.2,879.0,846.157,105.0,34.0,47.484
3.2,881.0,837.795,105.0,34.0,47.5895
3.2,883.0,829.33,105.0,34.0,47.6954
3.2,885.0,820.759,105.0,34.0,47.8016
3.2,887.0,812.077,110.0,34.0,47.8584
3.2,889.0,803.281,110.0,34.0,47.9659
3.2,891.0,794.368,110.0,34.0,48.0738
3.2,893.0,785.334,115.0,34.0,48.1337
3.2,895.0,776.173,115.0,34.0,48.243
3.2,897.0,766.883,115.0,34.0,48.3527
3.2,899.0,757.457,120.0,34.0,48.4159
3.2,901.0,747.891,120.0,34.0,48.5271
3.2,903.0,738.179,125.0,34.0,48.5928
3.2,905.0,728.317,125.0,34.0,48.7055
3.2,907.0,718.296,125.0,34.0,48.8188
3.2,909.0,708.111,130.0,34.0,48.8882
3.2,911.0,697.754,130.0,34.0,49.0031
3.2,913.0,687.218,135.0,34.0,49.0754
3.2,915.0,676.495,135.0,34.0,49.192
3.2,917.0,665.574,140.0,34.0,49.2673
3.2,919.0,654.447,140.0,34.0,49.3859
3.2,921.0,643.103,140.0,34.0,49.505
3.2,923.0,631.529,140.0,34.0,49.6249
3.2,925.0,619.714,140.0,34.0,49.7454
3.2,927.0,607.642,140.0,34.0,49.8667
3.2,929.0,595.299,140.0,34.0,49.9888
3.2,931.0,582.667,140.0,34.0,50.1116
3.2,933.0,569.727,140.0,34.0,50.2353
3.2,935.0,556.457,140.0,34.0,50.3598
3.2,937.0,542.834,140.0,34.0,50.4853
3.2,939.0,528.83,140.0,34.0,50.6117
3.2,941.0,514.413,140.0,34.0,50.7391
3.2,943.0,499.549,140.0,34.0,50.8676
3.2,945.0,484.195,140.0,34.0,50.9973
3.2,947.0,468.304,140.0,34.0,51.1282
3.2,949.0,451.82,140.0,34.0,51.2604
3.2,951.0,434.673,140.0,34.0,51.3942
3.2,953.0,416.784,140.0,34.0,51.5295
3.2,955.0,398.051,140.0,34.0,51.6667
3.2,957.0,378.35,140.0,34.0,51.8059
3.2,959.0,357.521,140.0,34.0,51.9474
3.2,961.0,335.352,140.0,34.0,52.0917
3.2,963.0,311.559,140.0,34.0,52.2391
3.2,965.0,285.736,140.0,34.0,52.3905
3.2,967.0,257.272,140.0,34.0,52.547
3.2,969.0,225.169,140.0,34.0,52.7104
3.2,971.0,187.566,140.0,34.0,52.884
3.2,973.0,140.103,140.0,34.0,53.0756
3.4,791.0,834.988,100.0,36.0,46.3163
3.4,793.0,827.365,100.0,36.0,46.416
3.4,795.0,819.652,100.0,36.0,46.5161
3.4,797.0,811.846,100.0,36.0,46.6165
3.4,799.0,803.944,105.0,36.0,46.6684
3.4,801.0,795.943,105.0,36.0,46.77
3.4,803.0,787.841,105.0,36.0,46.872
3.4,805.0,779.634,105.0,36.0,46.9745
3.4,807.0,771.319,110.0,36.0,47.03
3.4,809.0,762.893,110.0,36.0,47.1337
3.4,811.0,754.351,110.0,36.0,47.2378
3.4,813.0,745.69,115.0,36.0,47.2964
3.4,815.0,736.905,115.0,36.0,47.4019
3.4,817.0,727.993,115.0,36.0,47.5078
3.4,819.0,718.947,120.0,36.0,47.5696
3.4,821.0,709.764,120.0,36.0,47.677
3.4,823.0,700.438,125.0,36.0,47.7412
3.4,825.0,690.963,125.0,36.0,47.8501
3.4,827.0,681.332,125.0,36.0,47.9596
3.4,829.0,671.539,130.0,36.0,48.0275
3.4,831.0,661.578,130.0,36.0,48.1386
3.4,833.0,651.439,135.0,36.0,48.2093
3.4,835.0,641.116,135.0,36.0,48.3222
3.4,837.0,630.598,140.0,36.0,48.3959
3.4,839.0,619.875,140.0,36.0,48.5106
3.4,841.0,608.938,140.0,36.0,48.626
3.4,843.0,597.774,140.0,36.0,48.7421
3.4,845.0,586.37,140.0,36.0,48.859
3.4,847.0,574.711,140.0,36.0,48.9766
3.4,849.0,562.783,140.0,36.0,49.0949
3.4,851.0,550.568,140.0,36.0,49.2141
3.4,853.0,538.046,140.0,36.0,49.3341
3.4,855.0,525.194,140.0,36.0,49.455
3.4,857.0,511.989,140.0,36.0,49.5768
3.4,859.0,498.403,140.0,36.0,49.6996
3.4,861.0,484.402,140.0,36.0,49.8234
3.4,863.0,469.95,140.0,36.0,49.9484
3.4,865.0,455.005,140.0,36.0,50.0745
3.4,867.0,439.515,140.0,36.0,50.2019
3.4,869.0,423.421,140.0,36.0,50.3307
3.4,871.0,406.651,140.0,36.0,50.4611
3.4,873.0,389.119,140.0,36.0,50.5931
3.4,875.0,370.714,140.0,36.0,50.727
3.4,877.0,351.302,140.0,36.0,50.863
3.4,879.0,330.704,140.0,36.0,51.0015
3.4,881.0,308.683,140.0,36.0,51.1429
3.4,883.0,284.909,140.0,36.0,51.2877
3.4,885.0,258.9,140.0,36.0,51.437
3.4,887.0,229.898,140.0,36.0,51.5919
3.4,889.0,196.584,140.0,36.0,51.755
3.4,891.0,156.222,140.0,36.0,51.9312
3.4,893.0,100.664,140.0,36.0,52.1352
3.6,716.0,787.119,100.0,38.0,45.6773
3.6,718.0,779.797,100.0,38.0,45.7727
3.6,720.0,772.386,100.0,38.0,45.8685
3.6,722.0,764.882,100.0,38.0,45.9647
3.6,724.0,757.282,105.0,38.0,46.0152
3.6,726.0,749.584,105.0,38.0,46.1126
3.6,728.0,741.784,105.0,38.0,46.2105
3.6,730.0,733.88,110.0,38.0,46.2637
3.6,732.0,725.868,110.0,38.0,46.3628
3.6,734.0,717.744,110.0,38.0,46.4623
3.6,736.0,709.504,115.0,38.0,46.5185
3.6,738.0,701.145,115.0,38.0,46.6194
3.6,740.0,692.662,115.0,38.0,46.7207
3.6,742.0,684.05,120.0,38.0,46.7801
3.6,744.0,675.304,120.0,38.0,46.8829
3.6,746.0,666.42,120.0,38.0,46.9861
3.6,748.0,657.392,125.0,38.0,47.0489
3.6,750.0,648.213,125.0,38.0,47.1537
3.6,752.0,638.877,130.0,38.0,47.219
3.6,754.0,629.377,130.0,38.0,47.3255
3.6,756.0,619.706,135.0,38.0,47.3935
3.6,758.0,609.856,135.0,38.0,47.5017
3.6,760.0,599.817,140.0,38.0,47.5727
3.6,762.0,589.58,140.0,38.0,47.6827
3.6,764.0,579.134,140.0,38.0,47.7935
3.6,766.0,568.468,140.0,38.0,47.9049
3.6,768.0,557.57,140.0,38.0,48.0171
3.6,770.0,546.425,140.0,38.0,48.13
3.6,772.0,535.018,140.0,38.0,48.2437
3.6,774.0,523.332,140.0,38.0,48.3582
3.6,776.0,511.347,140.0,38.0,48.4736
3.6,778.0,499.043,140.0,38.0,48.5898
3.6,780.0,486.395,140.0,38.0,48.707
3.6,782.0,473.375,140.0,38.0,48.8252
3.6,784.0,459.952,140.0,38.0,48.9444
3.6,786.0,446.09,140.0,38.0,49.0647
3.6,788.0,431.745,140.0,38.0,49.1862
3.6,790.0,416.869,140.0,38.0,49.3089
3.6,792.0,401.403,140.0,38.0,49.4331
3.6,794.0,385.274,140.0,38.0,49.5588
3.6,796.0,368.397,140.0,38.0,49.6862
3.6,798.0,350.662,140.0,38.0,49.8154
3.6,800.0,331.934,140.0,38.0,49.9468
3.6,802.0,312.032,140.0,38.0,50.0806
3.6,804.0,290.716,140.0,38.0,50.2174
3.6,806.0,267.649,140.0,38.0,50.3576
3.6,808.0,242.33,140.0,38.0,50.5023
3.6,810.0,213.963,140.0,38.0,50.6528
3.6,812.0,181.119,140.0,38.0,50.8119
3.6,814.0,140.698,140.0,38.0,50.985
3.6,816.0,82.195,140.0,38.0,51.1913
3.8,643.0,743.245,100.0,40.0,45.0977
3.8,645.0,736.28,100.0,40.0,45.188
3.8,647.0,729.227,100.0,40.0,45.2786
3.8,649.0,722.083,100.0,40.0,45.3697
3.8,651.0,714.846,105.0,40.0,45.4178
3.8,653.0,707.511,105.0,40.0,45.5101
3.8,655.0,700.077,105.0,40.0,45.6028
3.8,657.0,692.541,105.0,40.0,45.696
3.8,659.0,684.897,110.0,40.0,45.7476
3.8,661.0,677.144,110.0,40.0,45.842
3.8,663.0,669.278,110.0,40.0,45.9369
3.8,665.0,661.293,115.0,40.0,45.9915
3.8,667.0,653.186,115.0,40.0,46.0877
3.8,669.0,644.953,115.0,40.0,46.1845
3.8,671.0,636.588,120.0,40.0,46.2422
3.8,673.0,628.086,120.0,40.0,46.3404
3.8,675.0,619.442,125.0,40.0,46.4005
3.8,677.0,610.649,125.0,40.0,46.5002
3.8,679.0,601.701,130.0,40.0,46.5628
3.8,681.0,592.591,130.0,40.0,46.6642
3.8,683.0,583.312,135.0,40.0,46.7295
3.8,685.0,573.854,135.0,40.0,46.8326
3.8,687.0,564.21,140.0,40.0,46.9007
3.8,689.0,554.368,140.0,40.0,47.0057
3.8,691.0,544.32,140.0,40.0,47.1115
3.8,693.0,534.053,140.0,40.0,47.2179
3.8,695.0,523.554,140.0,40.0,47.3251
3.8,697.0,512.808,140.0,40.0,47.433
3.8,699.0,501.801,140.0,40.0,47.5417
3.8,701.0,490.514,140.0,40.0,47.6513
3.8,703.0,478.928,140.0,40.0,47.7618
3.8,705.0,467.021,140.0,40.0,47.8731
3.8,707.0,454.766,140.0,40.0,47.9854
3.8,709.0,442.136,140.0,40.0,48.0987
3.8,711.0,429.097,140.0,40.0,48.2131
3.8,713.0,415.611,140.0,40.0,48.3287
3.8,715.0,401.632,140.0,40.0,48.4454
3.8,717.0,387.108,140.0,40.0,48.5635
3.8,719.0,371.974,140.0,40.0,48.6831
3.8,721.0,356.152,140.0,40.0,48.8042
3.8,723.0,339.547,140.0,40.0,48.9271
3.8,725.0,322.038,140.0,40.0,49.052
3.8,727.0,303.467,140.0,40.0,49.1792
3.8,729.0,283.627,140.0,40.0,49.309
3.8,731.0,262.23,140.0,40.0,49.442
3.8,733.0,238.856,140.0,40.0,49.579
3.8,735.0,212.858,140.0,40.0,49.7211
3.8,737.0,183.119,140.0,40.0,49.8705
3.8,739.0,147.392,140.0,40.0,50.031
3.8,741.0,99.42,140.0,40.0,50.2143
4.0,573.0,695.239,100.0,42.0,44.6656
4.0,575.0,688.602,100.0,42.0,44.7501
4.0,577.0,681.878,100.0,42.0,44.8351
4.0,579.0,675.062,100.0,42.0,44.9205
4.0,581.0,668.153,105.0,42.0,44.9659
4.0,583.0,661.148,105.0,42.0,45.0525
4.0,585.0,654.044,105.0,42.0,45.1396
4.0,587.0,646.836,105.0,42.0,45.2271
4.0,589.0,639.523,110.0,42.0,45.276
4.0,591.0,632.099,110.0,42.0,45.3648
4.0,593.0,624.561,110.0,42.0,45.4541
4.0,595.0,616.906,115.0,42.0,45.5058
4.0,597.0,609.128,115.0,42.0,45.5965
4.0,599.0,601.223,115.0,42.0,45.6877
4.0,601.0,593.186,120.0,42.0,45.7425
4.0,603.0,585.01,120.0,42.0,45.8352
4.0,605.0,576.691,125.0,42.0,45.8924
4.0,607.0,568.223,125.0,42.0,45.9866
4.0,609.0,559.597,130.0,42.0,46.0463
4.0,611.0,550.808,130.0,42.0,46.1421
4.0,613.0,541.846,135.0,42.0,46.2045
4.0,615.0,532.704,135.0,42.0,46.3021
4.0,617.0,523.371,140.0,42.0,46.3673
4.0,619.0,513.838,140.0,42.0,46.4668
4.0,621.0,504.092,140.0,42.0,46.5671
4.0,623.0,494.123,140.0,42.0,46.6681
4.0,625.0,483.914,140.0,42.0,46.7699
4.0,627.0,473.452,140.0,42.0,46.8726
4.0,629.0,462.719,140.0,42.0,46.976
4.0,631.0,451.696,140.0,42.0,47.0803
4.0,633.0,440.36,140.0,42.0,47.1856
4.0,635.0,428.688,140.0,42.0,47.2917
4.0,637.0,416.65,140.0,42.0,47.399
4.0,639.0,404.214,140.0,42.0,47.5072
4.0,641.0,391.343,140.0,42.0,47.6167
4.0,643.0,377.991,140.0,42.0,47.7273
4.0,645.0,364.106,140.0,42.0,47.8393
4.0,647.0,349.624,140.0,42.0,47.9527
4.0,649.0,334.468,140.0,42.0,48.0677
4.0,651.0,318.542,140.0,42.0,48.1845
4.0,653.0,301.723,140.0,42.0,48.3033
4.0,655.0,283.854,140.0,42.0,48.4244
4.0,657.0,264.721,140.0,42.0,48.5481
4.0,659.0,244.027,140.0,42.0,48.6751
4.0,661.0,221.335,140.0,42.0,48.8061
4.0,663.0,195.952,140.0,42.0,48.9424
4.0,665.0,166.653,140.0,42.0,49.0862
4.0,667.0,130.832,140.0,42.0,49.2423
4.0,669.0,80.181,140.0,42.0,49.426
4.2,507.0,635.153,100.0,44.0,44.4513
4.2,509.0,628.722,100.0,44.0,44.53
4.2,511.0,622.199,100.0,44.0,44.6091
4.2,513.0,615.58,105.0,44.0,44.6515
4.2,515.0,608.864,105.0,44.0,44.7318
4.2,517.0,602.046,105.0,44.0,44.8126
4.2,519.0,595.123,105.0,44.0,44.8939
4.2,521.0,588.091,110.0,44.0,44.9397
4.2,523.0,580.947,110.0,44.0,45.0223
4.2,525.0,573.686,110.0,44.0,45.1054
4.2,527.0,566.303,115.0,44.0,45.1541
4.2,529.0,558.794,115.0,44.0,45.2386
4.2,531.0,551.154,120.0,44.0,45.2895
4.2,533.0,543.378,120.0,44.0,45.3755
4.2,535.0,535.458,120.0,44.0,45.462
4.2,537.0,527.389,125.0,44.0,45.5162
4.2,539.0,519.164,125.0,44.0,45.6044
4.2,541.0,510.775,130.0,44.0,45.661
4.2,543.0,502.214,130.0,44.0,45.7509
4.2,545.0,493.473,135.0,44.0,45.8102
4.2,547.0,484.54,140.0,44.0,45.8711
4.2,549.0,475.406,140.0,44.0,45.9641
4.2,551.0,466.059,140.0,44.0,46.0578
4.2,553.0,456.486,140.0,44.0,46.1522
4.2,555.0,446.671,140.0,44.0,46.2475
4.2,557.0,436.6,140.0,44.0,46.3436
4.2,559.0,426.253,140.0,44.0,46.4405
4.2,561.0,415.61,140.0,44.0,46.5384
4.2,563.0,404.647,140.0,44.0,46.6372
4.2,565.0,393.339,140.0,44.0,46.737
4.2,567.0,381.653,140.0,44.0,46.8379
4.2,569.0,369.555,140.0,44.0,46.9399
4.2,571.0,357.003,140.0,44.0,47.0431
4.2,573.0,343.947,140.0,44.0,47.1476
4.2,575.0,330.326,140.0,44.0,47.2535
4.2,577.0,316.068,140.0,44.0,47.3609
4.2,579.0,301.083,140.0,44.0,47.4701
4.2,581.0,285.256,140.0,44.0,47.5811
4.2,583.0,268.439,140.0,44.0,47.6944
4.2,585.0,250.43,140.0,44.0,47.8103
4.2,587.0,230.953,140.0,44.0,47.9292
4.2,589.0,209.598,140.0,44.0,48.052
4.2,591.0,185.718,140.0,44.0,48.1798
4.2,593.0,158.175,140.0,44.0,48.3148
4.2,595.0,124.56,140.0,44.0,48.4612
4.2,597.0,77.326,140.0,44.0,48.6331
4.4,438.0,580.555,100.0,46.0,44.2184
4.4,440.0,574.474,100.0,46.0,44.2896
4.4,442.0,568.3,100.0,46.0,44.3612
4.4,444.0,562.029,100.0,46.0,44.4333
4.4,446.0,555.659,105.0,46.0,44.4724
4.4,448.0,549.185,105.0,46.0,44.5458
4.4,450.0,542.605,105.0,46.0,44.6196
4.4,452.0,535.915,110.0,46.0,44.6613
4.4,454.0,529.109,110.0,46.0,44.7365
4.4,456.0,522.185,110.0,46.0,44.8122
4.4,458.0,515.136,115.0,46.0,44.8567
4.4,460.0,507.957,115.0,46.0,44.9338
4.4,462.0,500.644,120.0,46.0,44.9805
4.4,464.0,493.19,120.0,46.0,45.0591
4.4,466.0,485.589,120.0,46.0,45.1384
4.4,468.0,477.833,125.0,46.0,45.1883
4.4,470.0,469.916,125.0,46.0,45.2692
4.4,472.0,461.828,130.0,46.0,45.3216
4.4,474.0,453.56,130.0,46.0,45.4043
4.4,476.0,445.103,135.0,46.0,45.4594
4.4,478.0,436.445,140.0,46.0,45.5161
4.4,480.0,427.575,140.0,46.0,45.6019
4.4,482.0,418.479,140.0,46.0,45.6885
4.4,484.0,409.141,140.0,46.0,45.7759
4.4,486.0,399.546,140.0,46.0,45.8642
4.4,488.0,389.673,140.0,46.0,45.9534
4.4,490.0,379.501,140.0,46.0,46.0435
4.4,492.0,369.005,140.0,46.0,46.1346
4.4,494.0,358.157,140.0,46.0,46.2267
4.4,496.0,346.925,140.0,46.0,46.3199
4.4,498.0,335.268,140.0,46.0,46.4143
4.4,500.0,323.142,140.0,46.0,46.51
4.4,502.0,310.491,140.0,46.0,46.607
4.4,504.0,297.248,140.0,46.0,46.7055
4.4,506.0,283.331,140.0,46.0,46.8056
4.4,508.0,268.635,140.0,46.0,46.9076
4.4,510.0,253.023,140.0,46.0,47.0116
4.4,512.0,236.315,140.0,46.0,47.1181
4.4,514.0,218.258,140.0,46.0,47.2275
4.4,516.0,198.486,140.0,46.0,47.3404
4.4,518.0,176.422,140.0,46.0,47.458
4.4,520.0,151.065,140.0,46.0,47.5821
4.4,522.0,120.352,140.0,46.0,47.7165
4.4,524.0,78.209,140.0,46.0,47.8722
4.6,365.0,526.565,100.0,50.0,44.049
4.6,367.0,520.974,100.0,50.0,44.1106
4.6,369.0,515.293,100.0,50.0,44.1728
4.6,371.0,509.516,105.0,50.0,44.2063
4.6,373.0,503.641,105.0,50.0,44.2696
4.6,375.0,497.665,105.0,50.0,44.3334
4.6,377.0,491.584,105.0,50.0,44.3977
4.6,379.0,485.393,110.0,50.0,44.4344
4.6,381.0,479.089,110.0,50.0,44.5
4.6,383.0,472.667,115.0,50.0,44.5385
4.6,385.0,466.123,115.0,50.0,44.6055
4.6,387.0,459.45,115.0,50.0,44.6731
4.6,389.0,452.644,120.0,50.0,44.7143
4.6,391.0,445.698,120.0,50.0,44.7834
4.6,393.0,438.605,125.0,50.0,44.8268
4.6,395.0,431.359,125.0,50.0,44.8974
4.6,397.0,423.951,130.0,50.0,44.9431
4.6,399.0,416.373,130.0,50.0,45.0154
4.6,401.0,408.615,135.0,50.0,45.0635
4.6,403.0,400.667,135.0,50.0,45.1376
4.6,405.0,392.518,140.0,50.0,45.1884
4.6,407.0,384.154,140.0,50.0,45.2644
4.6,409.0,375.561,140.0,50.0,45.3413
4.6,411.0,366.724,140.0,50.0,45.4189
4.6,413.0,357.623,140.0,50.0,45.4975
4.6,415.0,348.239,140.0,50.0,45.5769
4.6,417.0,338.547,140.0,50.0,45.6573
4.6,419.0,328.521,140.0,50.0,45.7387
4.6,421.0,318.129,140.0,50.0,45.8212
4.6,423.0,307.334,140.0,50.0,45.9048
4.6,425.0,296.092,140.0,50.0,45.9895
4.6,427.0,284.349,140.0,50.0,46.0756
4.6,429.0,272.041,140.0,50.0,46.1631
4.6,431.0,259.088,140.0,50.0,46.2522
4.6,433.0,245.386,140.0,50.0,46.343
4.6,435.0,230.804,140.0,50.0,46.4358
4.6,437.0,215.161,140.0,50.0,46.531
4.6,439.0,198.208,140.0,50.0,46.6288
4.6,441.0,179.573,140.0,50.0,46.7301
4.6,443.0,158.664,140.0,50.0,46.8359
4.6,445.0,134.426,140.0,50.0,46.948
4.6,447.0,104.568,140.0,50.0,47.0705
4.6,449.0,61.371,140.0,50.0,47.217
4.8,294.0,446.372,100.0,52.0,44.1596
4.8,296.0,441.053,100.0,52.0,44.2116
4.8,298.0,435.633,100.0,52.0,44.2641
4.8,300.0,430.107,100.0,52.0,44.3172
4.8,302.0,424.471,105.0,52.0,44.3464
4.8,304.0,418.722,105.0,52.0,44.4007
4.8,306.0,412.853,110.0,52.0,44.4316
4.8,308.0,406.861,110.0,52.0,44.4873
4.8,310.0,400.739,110.0,52.0,44.5435
4.8,312.0,394.482,115.0,52.0,44.5771
4.8,314.0,388.082,115.0,52.0,44.6348
4.8,316.0,381.533,120.0,52.0,44.6704
4.8,318.0,374.828,120.0,52.0,44.7297
4.8,320.0,367.956,125.0,52.0,44.7675
4.8,322.0,360.91,125.0,52.0,44.8285
4.8,324.0,353.677,130.0,52.0,44.8686
4.8,326.0,346.248,135.0,52.0,44.9102
4.8,328.0,338.609,135.0,52.0,44.9742
4.8,330.0,330.744,140.0,52.0,45.0185
4.8,332.0,322.639,140.0,52.0,45.0846
4.8,334.0,314.273,140.0,52.0,45.1516
4.8,336.0,305.627,140.0,52.0,45.2195
4.8,338.0,296.674,140.0,52.0,45.2884
4.8,340.0,287.388,140.0,52.0,45.3583
4.8,342.0,277.733,140.0,52.0,45.4293
4.8,344.0,267.671,140.0,52.0,45.5015
4.8,346.0,257.153,140.0,52.0,45.575
4.8,348.0,246.121,140.0,52.0,45.6498
4.8,350.0,234.503,140.0,52.0,45.7261
4.8,352.0,222.207,140.0,52.0,45.804
4.8,354.0,209.112,140.0,52.0,45.8839
4.8,356.0,195.058,140.0,52.0,45.9659
4.8,358.0,179.821,140.0,52.0,46.0505
4.8,360.0,163.07,140.0,52.0,46.1382
4.8,362.0,144.277,140.0,52.0,46.2301
4.8,364.0,122.506,140.0,52.0,46.3277
4.8,366.0,95.748,140.0,52.0,46.4347
4.8,368.0,57.408,140.0,52.0,46.5627
5.0,217.0,339.911,100.0,54.0,44.4532
5.0,219.0,334.741,100.0,54.0,44.4938
5.0,221.0,329.441,100.0,54.0,44.535
5.0,223.0,324.006,105.0,54.0,44.5579
5.0,225.0,318.427,105.0,54.0,44.6005
5.0,227.0,312.697,110.0,54.0,44.6252
5.0,229.0,306.809,110.0,54.0,44.6693
5.0,231.0,300.752,115.0,54.0,44.696
5.0,233.0,294.516,115.0,54.0,44.7418
5.0,235.0,288.09,120.0,54.0,44.7708
5.0,237.0,281.46,120.0,54.0,44.8184
5.0,239.0,274.612,125.0,54.0,44.8498
5.0,241.0,267.529,130.0,54.0,44.8826
5.0,243.0,260.192,135.0,54.0,44.9171
5.0,245.0,252.578,140.0,54.0,44.9533
5.0,247.0,244.662,140.0,54.0,45.007
5.0,249.0,236.414,140.0,54.0,45.0617
5.0,251.0,227.797,140.0,54.0,45.1176
5.0,253.0,218.769,140.0,54.0,45.1748
5.0,255.0,209.274,140.0,54.0,45.2332
5.0,257.0,199.248,140.0,54.0,45.2931
5.0,259.0,188.605,140.0,54.0,45.3547
5.0,261.0,177.233,140.0,54.0,45.418
5.0,263.0,164.984,140.0,54.0,45.4834
5.0,265.0,151.643,140.0,54.0,45.5513
5.0,267.0,136.893,140.0,54.0,45.6222
5.0,269.0,120.215,140.0,54.0,45.697
5.0,271.0,100.656,140.0,54.0,45.7776
5.0,273.0,76.024,140.0,54.0,45.8677
