sample_index,log_frame_index,timestamp,time_s,fov_deg,uav_lat,uav_lon,uav_alt,actual_area_m2,predicted_area_m2,area_error_m2,area_error_pct,centroid_error_m,corner_error_c1_m,corner_error_c2_m,corner_error_c3_m,corner_error_c4_m,mean_corner_error_m,max_corner_error_m,actual_center_lat,actual_center_lon,predicted_center_lat,predicted_center_lon,actual_c1_lat,actual_c1_lon,predicted_c1_lat,predicted_c1_lon,actual_c2_lat,actual_c2_lon,predicted_c2_lat,predicted_c2_lon,actual_c3_lat,actual_c3_lon,predicted_c3_lat,predicted_c3_lon,actual_c4_lat,actual_c4_lon,predicted_c4_lat,predicted_c4_lon
8,9,825932815496,1.586,10.000000,38.011110000,127.245224000,993.000000,31156842.935342,10145004.944825,-21011837.990517,-67.438919,6776.404656,13281.856247,11268.302458,1022.454723,1546.487114,6779.775136,13281.856247,38.060540000,127.245384000,38.060540000,127.245384000,38.231365000,127.230690000,38.112118845,127.235759661,38.230430000,127.261116000,38.129255423,127.257063312,38.059315000,127.248720000,38.050136961,127.249169729,38.056620000,127.242210000,38.042727682,127.242233270
9,10,825932815702,1.792,10.000000,38.011158000,127.245224000,991.000000,350626.227111,638338.195198,287711.968088,82.056602,273.141638,236.884707,481.203596,564.755636,272.369555,388.803374,564.755636,38.045040000,127.245320000,38.045040000,127.245320000,38.045837000,127.242910000,38.047763144,127.241761389,38.055810000,127.248474000,38.051533362,127.249273393,38.044370000,127.247665000,38.039307574,127.248086291,38.042350000,127.243120000,38.039959168,127.242459651
10,11,825932815909,1.999,10.000000,38.011204000,127.245224000,989.000000,174570.941782,299980.452843,125409.511061,71.838709,79.516589,152.038697,159.616887,226.956735,93.345392,157.989428,226.956735,38.036697000,127.245290000,38.036697000,127.245290000,38.038933000,127.243324000,38.040109933,127.242444173,38.040726000,127.247406000,38.039394619,127.248081888,38.035190000,127.247025000,38.033185818,127.247499904,38.034940000,127.243570000,38.034254075,127.242957599
11,12,825932816100,2.190,10.000000,38.011250000,127.245224000,988.000000,87197.396688,131014.593176,43817.196488,50.250579,1.451543,79.235047,56.387445,48.400045,46.252634,57.568793,79.235047,38.030567000,127.245270000,38.030567000,127.245270000,38.031970000,127.243744000,38.032480630,127.243114468,38.032345000,127.246830000,38.032104763,127.247396147,38.029180000,127.246620000,38.029021984,127.247134235,38.028946000,127.243930000,38.028850686,127.243416577
12,13,825932816307,2.397,10.000000,38.011303000,127.245224000,986.000000,47754.760719,93005.296501,45250.535782,94.756073,1.864762,85.605844,50.521425,67.751894,47.590628,62.867448,85.605844,38.026250000,127.245255000,38.026250000,127.245255000,38.027157000,127.244026000,38.027806899,127.243504112,38.027462000,127.246506000,38.027694675,127.247000662,38.025390000,127.246376000,38.024860907,127.246757869,38.025070000,127.244150000,38.024775943,127.243756056
13,14,825932816498,2.588,10.000000,38.011370000,127.245224000,986.000000,30334.799217,48059.830953,17725.031736,58.431347,13.226298,34.026128,34.542546,38.435600,43.064646,37.517230,43.064646,38.023224000,127.245250000,38.023224000,127.245250000,38.023907000,127.244220000,38.023934203,127.243833526,38.024155000,127.246300000,38.024133252,127.246692934,38.022537000,127.246200000,38.022338683,127.246558785,38.022400000,127.244300000,38.022118151,127.243963618
14,15,825932816705,2.795,10.000000,38.011436000,127.245224000,986.000000,19940.982622,42519.816665,22578.834043,113.228292,9.531043,33.569661,52.410963,48.459672,55.768506,47.552201,55.768506,38.020947000,127.245230000,38.020947000,127.245230000,38.021520000,127.244340000,38.021641853,127.243989846,38.021595000,127.246130000,38.021958492,127.246509842,38.020386000,127.246060000,38.020015226,127.246349550,38.020367000,127.244390000,38.019912410,127.244122747
15,16,825932816911,3.001,10.000000,38.011505000,127.245224000,986.000000,14345.837986,28719.483865,14373.645879,100.193839,5.651129,35.802222,45.817913,30.170386,28.715674,35.126549,45.817913,38.019210000,127.245190000,38.019210000,127.245190000,38.019690000,127.244390000,38.019904650,127.244085984,38.019690000,127.245995000,38.020022992,127.246302074,38.018740000,127.245950000,38.018552424,127.246198319,38.018753000,127.244440000,38.018595889,127.244180301
16,17,825932817102,3.192,10.000000,38.011570000,127.245224000,985.000000,11262.865775,19582.797917,8319.932142,73.870472,6.222166,32.777429,27.067812,23.920035,20.862954,26.157058,32.777429,38.017788000,127.245130000,38.017788000,127.245130000,38.018215000,127.244400000,38.018412436,127.244122726,38.018190000,127.245860000,38.018337011,127.246105842,38.017380000,127.245820000,38.017277896,127.246059990,38.017406000,127.244430000,38.017386146,127.244193448
17,18,825932817308,3.398,10.000000,38.011635000,127.245224000,985.000000,9129.909678,15672.214035,6542.304356,71.657931,1.828154,26.822455,22.463890,22.439250,21.875193,23.400197,26.822455,38.016575000,127.245030000,38.016575000,127.245030000,38.016953000,127.244360000,38.017062387,127.244087494,38.016920000,127.245705000,38.017027122,127.245922072,38.016210000,127.245674000,38.016151071,127.245918683,38.016243000,127.244385000,38.016147154,127.244167252
18,19,825932817499,3.589,10.000000,38.011696000,127.245224000,984.000000,7666.520803,12930.040140,5263.519338,68.655906,1.430554,24.366918,22.022267,23.405126,21.248280,22.760648,24.366918,38.015520000,127.244910000,38.015520000,127.244910000,38.015858000,127.244280000,38.015902401,127.244007940,38.015816000,127.245540000,38.015939803,127.245735854,38.015186000,127.245514000,38.015186785,127.245780868,38.015224000,127.244290000,38.015106415,127.244099152
19,20,825932817705,3.795,10.000000,38.011760000,127.245224000,984.000000,6558.663020,12037.115313,5478.452293,83.530016,1.284928,25.277828,25.597032,26.831968,27.524652,26.307870,27.524652,38.014572000,127.244750000,38.014572000,127.244750000,38.014885000,127.244150000,38.014852031,127.243864835,38.014843000,127.245346000,38.015031919,127.245512381,38.014275000,127.245320000,38.014307283,127.245623183,38.014313000,127.244160000,38.014092629,127.244017677
20,21,825932817911,4.001,10.000000,38.011820000,127.245224000,984.000000,5879.340841,11165.521351,5286.180510,89.911108,0.543416,30.787116,33.563374,31.719838,30.062769,31.533274,33.563374,38.013720000,127.244550000,38.013720000,127.244550000,38.014008000,127.243970000,38.013877013,127.243660836,38.013966000,127.245125000,38.014260556,127.245206689,38.013443000,127.245110000,38.013553529,127.245443350,38.013477000,127.243980000,38.013215852,127.243892675
21,22,825932818102,4.192,10.000000,38.011883000,127.245224000,983.000000,5424.677844,11140.160213,5715.482369,105.360770,0.528543,37.723075,95.013459,36.968787,93.841856,65.886794,95.013459,38.012920000,127.244316000,38.012920000,127.244316000,38.012688000,127.243760000,38.012858781,127.243388504,38.013190000,127.243750000,38.013565909,127.244722598,38.013157000,127.244870000,38.012981459,127.245227812,38.012660000,127.244865000,38.012271373,127.243915517
22,23,825932818307,4.397,10.000000,38.011944000,127.245230000,983.000000,5320.651448,11157.950595,5837.299146,109.710234,0.226969,34.138606,55.030743,33.798925,54.192424,44.290175,55.030743,38.012154000,127.244040000,38.012154000,127.244040000,38.011917000,127.243480000,38.011614542,127.243415693,38.012410000,127.243484000,38.012849787,127.243770545,38.012386000,127.244600000,38.012686784,127.244652554,38.011900000,127.244590000,38.011467132,127.244307280
23,24,825932818498,4.588,10.000000,38.012000000,127.245230000,982.000000,5358.302934,11236.358445,5878.055510,109.699948,0.864419,46.588596,41.860093,45.986362,41.115547,43.887650,46.588596,38.011970000,127.243740000,38.011970000,127.243740000,38.011730000,127.243164000,38.011325394,127.243299793,38.012226000,127.243170000,38.012594949,127.243262219,38.012203000,127.244290000,38.012605454,127.244171720,38.011720000,127.244286000,38.011354837,127.244215635
24,25,825932818705,4.795,10.000000,38.012062000,127.245230000,982.000000,5468.044236,11347.391599,5879.347364,107.521942,1.005767,46.824579,42.161440,46.655314,41.203938,44.211318,46.824579,38.012035000,127.243390000,38.012035000,127.243390000,38.011795000,127.242805000,38.011388678,127.242943072,38.012295000,127.242820000,38.012664629,127.242924821,38.012264000,127.243960000,38.012671249,127.243834333,38.011780000,127.243940000,38.011414202,127.243868244
25,26,825932818912,5.002,10.000000,38.012120000,127.245240000,981.000000,5705.998223,11569.965190,5863.966966,102.768468,0.902679,47.258330,42.220904,46.174686,42.437179,44.522774,47.258330,38.012108000,127.242935000,38.012108000,127.242935000,38.011870000,127.242330000,38.011459248,127.242466153,38.012380000,127.242355000,38.012746905,127.242476947,38.012340000,127.243520000,38.012743105,127.243395899,38.011850000,127.243500000,38.011476519,127.243403001
26,27,825932819103,5.193,10.000000,38.012177000,127.245240000,980.000000,5908.681669,11960.261519,6051.579850,102.418444,0.622822,48.027923,42.186271,46.539735,42.475632,44.807390,48.027923,38.012177000,127.242516000,38.012177000,127.242516000,38.011944000,127.241900000,38.011523333,127.242021619,38.012460000,127.241920000,38.012825429,127.242047411,38.012405000,127.243120000,38.012811065,127.242993734,38.011910000,127.243090000,38.011538665,127.242978607
27,28,825932819308,5.398,10.000000,38.012234000,127.245250000,980.000000,6192.059072,12349.276968,6157.217896,99.437325,0.457572,48.693171,42.659860,47.306937,42.963133,45.405776,48.693171,38.012250000,127.242080000,38.012250000,127.242080000,38.012016000,127.241430000,38.011590104,127.241556590,38.012540000,127.241470000,38.012908165,127.241604992,38.012474000,127.242700000,38.012886521,127.242570426,38.011974000,127.242670000,38.011602883,127.242535527
28,29,825932819498,5.588,10.000000,38.012290000,127.245255000,979.000000,6452.540095,12462.589639,6010.049544,93.142382,0.649173,49.494443,43.121773,49.210196,43.048780,46.218798,49.494443,38.012330000,127.241646000,38.012330000,127.241646000,38.012100000,127.240974000,38.011665357,127.241092854,38.012630000,127.241020000,38.012994708,127.241185697,38.012547000,127.242290000,38.012971713,127.242134354,38.012040000,127.242240000,38.011672806,127.242086030
29,30,825932819704,5.794,10.000000,38.012350000,127.245260000,978.000000,6802.794730,12779.784978,5976.990248,87.860806,0.965412,50.951018,42.543495,50.091420,43.206055,46.697997,50.951018,38.012413000,127.241220000,38.012413000,127.241220000,38.012190000,127.240520000,38.011742358,127.240641123,38.012733000,127.240580000,38.013086636,127.240763924,38.012627000,127.241880000,38.013058767,127.241719163,38.012110000,127.241830000,38.011747025,127.241655548
30,31,825932819910,6.000,10.000000,38.012400000,127.245270000,978.000000,7109.697770,13433.702551,6324.004781,88.948996,1.286514,51.571371,42.954440,51.368289,43.226835,47.280234,51.571371,38.012510000,127.240814000,38.012510000,127.240814000,38.012290000,127.240080000,38.011835528,127.240194074,38.012840000,127.240160000,38.013199067,127.240339335,38.012710000,127.241500000,38.013154505,127.241342745,38.012190000,127.241430000,38.011833024,127.241236029
31,32,825932820099,6.189,10.000000,38.012447000,127.245280000,977.000000,7457.070706,13996.555144,6539.484438,87.695084,2.553425,53.115469,41.775643,52.264244,43.603942,47.689824,53.115469,38.012592000,127.240490000,38.012592000,127.240490000,38.012383000,127.239730000,38.011914872,127.239847176,38.012940000,127.239830000,38.013294696,127.239985572,38.012787000,127.241210000,38.013236724,127.241038884,38.012260000,127.241120000,38.011907277,127.240903797
32,33,825932820307,6.397,10.000000,38.012505000,127.245290000,976.000000,7791.161926,14538.698901,6747.536975,86.605015,1.831386,55.359790,41.190048,53.573467,43.096366,48.304918,55.359790,38.012700000,127.240135000,38.012700000,127.240135000,38.012505000,127.239340000,38.012019793,127.239478379,38.013070000,127.239460000,38.013417344,127.239621867,38.012882000,127.240875000,38.013346057,127.240713147,38.012352000,127.240770000,38.012004882,127.240552417
33,34,825932820497,6.587,10.000000,38.012560000,127.245310000,975.000000,8046.189461,15153.395145,7107.205684,88.330081,1.441346,56.954487,40.999782,55.590554,41.683555,48.807094,56.954487,38.012800000,127.239845000,38.012800000,127.239845000,38.012615000,127.239030000,38.012115471,127.239170404,38.013184000,127.239170000,38.013529488,127.239331988,38.012966000,127.240616000,38.013447997,127.240450229,38.012436000,127.240486000,38.012096586,127.240285272
34,35,825932820704,6.794,10.000000,38.012615000,127.245320000,974.000000,8504.034002,16100.496966,7596.462964,89.327759,0.877350,60.205284,40.403091,56.852117,39.673829,49.283580,60.205284,38.012950000,127.239430000,38.012950000,127.239430000,38.012787000,127.238580000,38.012262242,127.238746117,38.013363000,127.238754000,38.013700290,127.238924128,38.013103000,127.240240000,38.013598535,127.240083153,38.012566000,127.240080000,38.012231777,127.239922938
35,36,825932820911,7.001,10.000000,38.012672000,127.245346000,973.000000,8887.590452,16749.402463,7861.812011,88.458307,2.206573,62.880490,40.346235,58.852724,37.935790,50.003810,62.880490,38.013077000,127.239140000,38.013077000,127.239140000,38.012928000,127.238250000,38.012385687,127.238450563,38.013508000,127.238460000,38.013842593,127.238636819,38.013210000,127.239975000,38.013726097,127.239829454,38.012670000,127.239790000,38.012345785,127.239656773
36,37,825932821101,7.191,10.000000,38.012730000,127.245360000,972.000000,9495.234161,17258.192540,7762.958379,81.756366,3.631057,66.429044,40.387138,60.951212,37.233742,51.250284,66.429044,38.013268000,127.238740000,38.013268000,127.238740000,38.013145000,127.237800000,38.012575393,127.238025803,38.013730000,127.238060000,38.014050569,127.238275631,38.013380000,127.239620000,38.013915111,127.239472800,38.012833000,127.239390000,38.012515494,127.239256492
37,38,825932821307,7.397,10.000000,38.012783000,127.245384000,970.000000,9886.815385,17519.860583,7633.045198,77.204286,4.263037,68.912533,40.883442,62.918860,37.579861,52.573674,68.912533,38.013447000,127.238420000,38.013447000,127.238420000,38.013348000,127.237450000,38.012755009,127.237675580,38.013935000,127.237740000,38.014240878,127.237998006,38.013535000,127.239330000,38.014089632,127.239191858,38.012990000,127.239070000,38.012676791,127.238910133
38,39,825932821498,7.588,10.000000,38.012840000,127.245415000,969.000000,10364.651768,17631.867813,7267.216045,70.115390,5.705050,71.993723,41.975597,65.062205,36.951678,53.995801,71.993723,38.013634000,127.238144000,38.013634000,127.238144000,38.013565000,127.237130000,38.012944184,127.237360040,38.014153000,127.237460000,38.014434271,127.237778760,38.013700000,127.239075000,38.014274262,127.238937002,38.013153000,127.238780000,38.012848031,127.238613636
39,40,825932821705,7.795,10.000000,38.012897000,127.245440000,967.000000,10721.683888,18146.366626,7424.682739,69.249223,4.740236,73.687544,40.905503,68.598640,35.525246,54.679233,73.687544,38.013832000,127.237910000,38.013832000,127.237910000,38.013790000,127.236860000,38.013149358,127.237071439,38.014374000,127.237236000,38.014647202,127.237547907,38.013866000,127.238860000,38.014470038,127.238705169,38.013325000,127.238530000,38.013033197,127.238366006
40,41,825932821896,7.986,10.000000,38.012955000,127.245470000,966.000000,11028.638709,18482.619046,7453.980337,67.587492,1.707359,75.495464,38.013776,71.687591,36.577245,55.443519,75.495464,38.014030000,127.237730000,38.014030000,127.237730000,38.014020000,127.236660000,38.013356940,127.236840796,38.014595000,127.237080000,38.014864523,127.237346146,38.014038000,127.238710000,38.014665153,127.238524366,38.013504000,127.238340000,38.013221835,127.238126299
41,42,825932822104,8.194,10.000000,38.013012000,127.245510000,964.000000,11238.375565,18702.112218,7463.736653,66.412949,2.503941,76.838522,34.973951,74.242694,37.714129,55.942324,76.838522,38.014194000,127.237625000,38.014194000,127.237625000,38.014210000,127.236550000,38.013529865,127.236699451,38.014780000,127.237000000,38.015045170,127.237213869,38.014180000,127.238620000,38.014826993,127.238414553,38.013650000,127.238230000,38.013381525,127.237967717
42,43,825932822310,8.400,10.000000,38.013070000,127.245544000,962.000000,11451.978386,18553.302180,7101.323794,62.009581,2.190545,79.220064,33.521535,76.879755,36.388687,56.502510,79.220064,38.014416000,127.237580000,38.014416000,127.237580000,38.014465000,127.236480000,38.013766514,127.236652905,38.015022000,127.236980000,38.015280737,127.237175540,38.014366000,127.238580000,38.015038160,127.238378665,38.013850000,127.238144000,38.013597673,127.237880234
43,44,825932822500,8.590,10.000000,38.013126000,127.245580000,960.000000,11518.589773,18603.896463,7085.306690,61.511928,1.635766,82.259976,31.733229,77.310717,34.707176,56.502775,82.259976,38.014587000,127.237620000,38.014587000,127.237620000,38.014668000,127.236520000,38.013946461,127.236722428,38.015210000,127.237045000,38.015465039,127.237206635,38.014515000,127.238625000,38.015194636,127.238443634,38.014008000,127.238160000,38.013763799,127.237913969
44,45,825932822708,8.798,10.000000,38.013184000,127.245620000,958.000000,11385.958571,18527.110344,7141.151772,62.718933,0.887354,84.663742,30.640633,77.864843,32.753585,56.480701,84.663742,38.014740000,127.237750000,38.014740000,127.237750000,38.014847000,127.236660000,38.014108449,127.236890489,38.015370000,127.237210000,38.015628856,127.237328768,38.014640000,127.238750000,38.015329504,127.238600650,38.014150000,127.238260000,38.013914554,127.238036029
45,46,825932822900,8.990,10.000000,38.013240000,127.245670000,956.000000,11098.783240,18477.074054,7378.290814,66.478376,0.990296,85.428353,29.871939,78.188338,31.345027,56.208415,85.428353,38.014862000,127.237960000,38.014862000,127.237960000,38.014990000,127.236890000,38.014242856,127.237112407,38.015495000,127.237465000,38.015758292,127.237530779,38.014740000,127.238945000,38.015435640,127.238821808,38.014270000,127.238440000,38.014037617,127.238238174
46,47,825932823105,9.195,10.000000,38.013298000,127.245720000,954.000000,10756.129816,18281.496201,7525.366385,69.963514,0.864711,85.942555,28.862824,77.866737,28.895459,55.391894,85.942555,38.014954000,127.238266000,38.014954000,127.238266000,38.015106000,127.237220000,38.014350253,127.237420227,38.015587000,127.237816000,38.015843663,127.237862636,38.014812000,127.239230000,38.015508011,127.239141574,38.014360000,127.238710000,38.014132011,127.238552493
47,48,825932823312,9.402,10.000000,38.013355000,127.245770000,952.000000,10216.362419,17526.130653,7309.768234,71.549618,1.257987,84.630176,27.000194,77.767806,27.009859,54.102009,84.630176,38.015003000,127.238660000,38.015003000,127.238660000,38.015175000,127.237650000,38.014422128,127.237784074,38.015633000,127.238240000,38.015868964,127.238311238,38.014850000,127.239586000,38.015546053,127.239510353,38.014416000,127.239050000,38.014192370,127.238930521
48,49,825932823501,9.591,10.000000,38.013412000,127.245830000,949.000000,9758.531499,17173.479051,7414.947552,75.984256,3.458598,81.217777,27.070488,79.721074,25.177294,53.296658,81.217777,38.015020000,127.239044000,38.015020000,127.239044000,38.015194000,127.238070000,38.014465051,127.238108852,38.015636000,127.238660000,38.015878442,127.238684009,38.014854000,127.239944000,38.015564903,127.239834201,38.014435000,127.239400000,38.014225959,127.239290405
49,50,825932823710,9.800,10.000000,38.013470000,127.245890000,947.000000,9084.523410,16442.319348,7357.795938,80.992647,5.116351,80.593181,26.019021,79.348639,24.328701,52.572386,80.593181,38.014990000,127.239580000,38.014990000,127.239580000,38.015180000,127.238650000,38.014456164,127.238631649,38.015600000,127.239235000,38.015833454,127.239220517,38.014820000,127.240430000,38.015528355,127.240329113,38.014420000,127.239900000,38.014215834,127.239801031
50,51,825932823899,9.989,10.000000,38.013523000,127.245950000,945.000000,8373.662990,14804.703708,6431.040718,76.800807,0.629517,80.985365,25.058112,78.208438,22.897029,51.787236,80.985365,38.014927000,127.240170000,38.014927000,127.240170000,38.015114000,127.239296000,38.014388314,127.239361246,38.015510000,127.239876000,38.015735100,127.239875302,38.014750000,127.240980000,38.015450734,127.240915774,38.014366000,127.240456000,38.014161542,127.240427493
51,52,825932824108,10.198,10.000000,38.013580000,127.246010000,942.000000,7610.100384,13754.024382,6143.923998,80.733810,0.633252,80.023202,23.840982,76.626749,22.658399,50.787333,80.023202,38.014816000,127.240820000,38.014816000,127.240820000,38.015003000,127.240000000,38.014285377,127.240053525,38.015380000,127.240555000,38.015594130,127.240549937,38.014640000,127.241580000,38.015327923,127.241549232,38.014275000,127.241070000,38.014071462,127.241067989
52,53,825932824299,10.389,10.000000,38.013638000,127.246080000,940.000000,6938.341338,12832.361981,5894.020644,84.948554,0.804997,79.071477,23.440094,74.960829,22.045820,49.879555,79.071477,38.014668000,127.241510000,38.014668000,127.241510000,38.014850000,127.240746000,38.014140686,127.240793758,38.015213000,127.241280000,38.015420868,127.241237353,38.014496000,127.242226000,38.015169384,127.242225261,38.014145000,127.241730000,38.013947186,127.241742039
53,54,825932824504,10.594,10.000000,38.013695000,127.246155000,938.000000,6257.040399,12401.113722,6144.073323,98.194561,2.138663,77.789818,25.015025,74.073609,20.948798,49.456813,77.789818,38.014470000,127.242325000,38.014470000,127.242325000,38.014650000,127.241615000,38.013951524,127.241588094,38.014988000,127.242134000,38.015194727,127.242022187,38.014300000,127.243000000,38.014965414,127.243000807,38.013966000,127.242516000,38.013780676,127.242557501
54,55,825932824711,10.801,10.000000,38.013752000,127.246230000,936.000000,5835.701864,11380.173883,5544.472019,95.009515,3.581606,78.081733,23.250382,74.985531,20.079701,49.099337,78.081733,38.014300000,127.243000000,38.014300000,127.243000000,38.014477000,127.242325000,38.013776262,127.242285759,38.014810000,127.242830000,38.014986254,127.242687765,38.014137000,127.243640000,38.014809816,127.243598594,38.013813000,127.243170000,38.013639513,127.243232683
55,56,825932824902,10.992,10.000000,38.013810000,127.246310000,934.000000,5338.890175,10347.885409,5008.995235,93.820908,3.762490,79.225840,23.995041,77.302603,19.991686,50.128793,79.225840,38.014156000,127.243630000,38.014156000,127.243630000,38.014328000,127.243000000,38.013616303,127.242998758,38.014645000,127.243480000,38.014808942,127.243302369,38.013996000,127.244240000,38.014687429,127.244158269,38.013680000,127.243790000,38.013515370,127.243881078
56,57,825932825109,11.199,10.000000,38.013866000,127.246380000,932.000000,5099.115005,9948.063988,4848.948983,95.093933,1.715977,81.609010,23.555094,79.361691,23.545458,52.017813,81.609010,38.014038000,127.244220000,38.014038000,127.244220000,38.014206000,127.243610000,38.013474315,127.243667913,38.014520000,127.244080000,38.014659586,127.243878152,38.013878000,127.244810000,38.014586940,127.244714545,38.013573000,127.244360000,38.013416042,127.244539956
57,58,825932825299,11.389,10.000000,38.013924000,127.246470000,930.000000,4892.970745,9727.489341,4834.518596,98.805385,0.832240,84.309780,26.278381,82.493406,27.527745,55.152328,84.309780,38.013958000,127.244760000,38.013958000,127.244760000,38.014120000,127.244160000,38.013370596,127.244299039,38.014427000,127.244620000,38.014553942,127.244367384,38.013798000,127.245330000,38.014532411,127.245204373,38.013496000,127.244890000,38.013360450,127.245152515
58,59,825932825506,11.596,10.000000,38.013980000,127.246550000,929.000000,4707.228947,9623.515192,4916.286244,104.441197,0.586614,87.770064,31.367234,86.089151,31.709057,59.233877,87.770064,38.013912000,127.245240000,38.013912000,127.245240000,38.014072000,127.244670000,38.013297727,127.244858937,38.014374000,127.245120000,38.014474329,127.244785791,38.013756000,127.245804000,38.014514916,127.245615224,38.013454000,127.245370000,38.013347984,127.245705571
59,60,825932825696,11.786,10.000000,38.014038000,127.246635000,928.000000,4598.174136,9554.383691,4956.209556,107.786469,0.363156,91.818172,36.318860,90.586203,36.520641,63.810969,91.818172,38.013910000,127.245674000,38.013910000,127.245674000,38.014070000,127.245110000,38.013272923,127.245379222,38.014366000,127.245550000,38.014431494,127.245144324,38.013752000,127.246230000,38.014538454,127.245964731,38.013454000,127.245800000,38.013386933,127.246207613
60,61,825932825903,11.993,10.000000,38.014100000,127.246720000,927.000000,4503.664090,9518.432800,5014.768710,111.348640,0.204636,35.833597,34.956410,35.049416,34.973327,35.203188,35.833597,38.013947000,127.246060000,38.013947000,127.246060000,38.013493000,127.246180000,38.013288821,127.245864137,38.014103000,127.245510000,38.014413924,127.245454184,38.014400000,127.245940000,38.014596963,127.246251781,38.013790000,127.246610000,38.013479140,127.246667735
61,62,825932826109,12.199,10.000000,38.014156000,127.246800000,926.000000,4563.214846,9466.897770,4903.682924,107.461145,0.730812,30.463669,29.242945,29.650828,30.416267,29.943427,30.463669,38.014023000,127.246400000,38.014023000,127.246400000,38.013573000,127.246510000,38.013354236,127.246301316,38.014183000,127.245840000,38.014431531,127.245731997,38.014480000,127.246280000,38.014685017,127.246495829,38.013870000,127.246950000,38.013613559,127.247069707
62,63,825932826299,12.389,10.000000,38.014214000,127.246890000,925.000000,4470.652110,9420.102196,4949.450085,110.709802,0.424034,31.645154,31.007814,31.143645,31.201658,31.249568,31.645154,38.014150000,127.246680000,38.014150000,127.246680000,38.013700000,127.246796000,38.013486820,127.246557306,38.014305000,127.246124000,38.014573166,127.246028374,38.014603000,127.246560000,38.014808939,127.246800355,38.013992000,127.247220000,38.013726017,127.247332208
63,64,825932826505,12.595,10.000000,38.014275000,127.246970000,925.000000,4510.134094,9399.107751,4888.973658,108.399741,0.540557,49.198614,31.808687,49.754687,32.211622,40.743403,49.754687,38.014313000,127.246910000,38.014313000,127.246910000,38.014470000,127.246350000,38.014065139,127.246125031,38.014770000,127.246790000,38.014970378,127.247048561,38.014156000,127.247450000,38.014560086,127.247692435,38.013863000,127.247025000,38.013654219,127.246770701
64,65,825932826711,12.801,10.000000,38.014330000,127.247060000,925.000000,4540.777548,9373.779130,4833.001581,106.435551,0.584827,27.725660,82.200465,28.481276,80.807319,54.803680,82.200465,38.014520000,127.247086000,38.014520000,127.247086000,38.014680000,127.246530000,38.014906419,127.246398295,38.014980000,127.246960000,38.014782411,127.247863076,38.014366000,127.247635000,38.014133932,127.247771730,38.014070000,127.247200000,38.014257805,127.246310001
65,66,825932826903,12.993,10.000000,38.014393000,127.247150000,925.000000,4594.989997,9386.345490,4791.355493,104.273470,0.583377,29.464884,84.051858,29.762923,82.430719,56.427596,84.051858,38.014710000,127.247210000,38.014710000,127.247210000,38.014866000,127.246650000,38.015116905,127.246543002,38.015170000,127.247086000,38.014948087,127.248002039,38.014553000,127.247760000,38.014301533,127.247875274,38.014256000,127.247320000,38.014472361,127.246421134
66,67,825932827110,13.200,10.000000,38.014450000,127.247230000,925.000000,4584.610211,9411.229089,4826.618879,105.278719,0.565602,31.821517,87.594102,32.561048,85.985794,59.490615,87.594102,38.014970000,127.247375000,38.014970000,127.247375000,38.015130000,127.246820000,38.015409662,127.246744871,38.015434000,127.247250000,38.015167670,127.248189809,38.014812000,127.247925000,38.014526201,127.248004019,38.014515000,127.247490000,38.014775227,127.246566894
67,68,825932827300,13.390,10.000000,38.014507000,127.247320000,925.000000,4664.288448,9420.617838,4756.329390,101.973312,0.648589,33.010321,89.649522,33.857411,87.606922,61.031044,89.649522,38.015170000,127.247536000,38.015170000,127.247536000,38.015330000,127.246980000,38.015623465,127.246925967,38.015640000,127.247410000,38.015347800,127.248362539,38.015010000,127.248090000,38.014709133,127.248146538,38.014710000,127.247650000,38.014997151,127.246719961
68,69,825932827507,13.597,10.000000,38.014565000,127.247406000,926.000000,4777.291167,9445.257972,4667.966805,97.711583,0.923560,34.172248,90.878566,35.792118,89.177977,62.505227,90.878566,38.015312000,127.247690000,38.015312000,127.247690000,38.015476000,127.247120000,38.015782649,127.247102057,38.015785000,127.247574000,38.015464565,127.248527054,38.015152000,127.248245000,38.014831574,127.248278738,38.014850000,127.247800000,38.015163962,127.246864522
69,70,825932827697,13.787,10.000000,38.014620000,127.247490000,927.000000,4755.213183,9498.377765,4743.164582,99.746623,0.699597,37.820680,39.662310,38.003154,37.996570,38.370679,39.662310,38.015446000,127.247900000,38.015446000,127.247900000,38.015923000,127.247790000,38.015952790,127.247360423,38.015280000,127.248450000,38.015544620,127.248752826,38.014980000,127.248010000,38.014927544,127.248438173,38.015610000,127.247340000,38.015349476,127.247060086
70,71,825932827904,13.994,10.000000,38.014675000,127.247574000,928.000000,4795.523321,9560.357619,4764.834298,99.360049,1.165651,32.261127,34.496278,33.638314,33.410044,33.451441,34.496278,38.015540000,127.248140000,38.015540000,127.248140000,38.016018000,127.248024000,38.016088880,127.247667324,38.015377000,127.248695000,38.015568908,127.249003832,38.015076000,127.248245000,38.014978566,127.248608065,38.015710000,127.247574000,38.015510441,127.247289463
71,72,825932828109,14.199,10.000000,38.014732000,127.247660000,929.000000,4770.578249,9621.462709,4850.884460,101.683364,0.591392,29.355531,31.522935,29.741257,30.424463,30.261046,31.522935,38.015625000,127.248375000,38.015625000,127.248375000,38.016100000,127.248270000,38.016204886,127.247962897,38.015457000,127.248930000,38.015596104,127.249243075,38.015156000,127.248480000,38.015032564,127.248780753,38.015793000,127.247820000,38.015652468,127.247522467
72,73,825932828300,14.390,10.000000,38.014786000,127.247734000,930.000000,4853.655307,9720.856037,4867.200730,100.279077,1.107310,26.102164,30.096115,27.564736,26.555327,27.579586,30.096115,38.015713000,127.248600000,38.015713000,127.248600000,38.016190000,127.248490000,38.016319069,127.248241524,38.015540000,127.249150000,38.015637696,127.249469974,38.015240000,127.248695000,38.015098629,127.248953041,38.015880000,127.248030000,38.015788504,127.247750367
73,74,825932828506,14.596,10.000000,38.014840000,127.247820000,931.000000,4955.865243,9841.060208,4885.194964,98.574007,0.675817,25.467470,28.737679,26.224453,26.158009,26.646903,28.737679,38.015835000,127.248810000,38.015835000,127.248810000,38.016320000,127.248710000,38.016456146,127.248476631,38.015663000,127.249374000,38.015742970,127.249685556,38.015360000,127.248910000,38.015213448,127.249144114,38.016006000,127.248245000,38.015930455,127.247962574
74,75,825932828711,14.801,10.000000,38.014890000,127.247894000,933.000000,4968.646903,9954.903451,4986.256548,100.354415,0.805066,25.530867,28.999900,26.001207,26.155363,26.671834,28.999900,38.015950000,127.248970000,38.015950000,127.248970000,38.016434000,127.248870000,38.016578967,127.248644420,38.015774000,127.249535000,38.015852713,127.249850210,38.015472000,127.249070000,38.015325275,127.249300677,38.016120000,127.248405000,38.016049747,127.248120413
75,76,825932828901,14.991,10.000000,38.014942000,127.247980000,934.000000,4990.523697,10028.647116,5038.123419,100.953802,1.009654,25.091390,29.322284,25.691272,26.060193,26.541285,29.322284,38.016050000,127.249130000,38.016050000,127.249130000,38.016537000,127.249030000,38.016684056,127.248813178,38.015873000,127.249695000,38.015947991,127.250015505,38.015570000,127.249230000,38.015423121,127.249455956,38.016220000,127.248566000,38.016155988,127.248280178
76,77,825932829106,15.196,10.000000,38.014990000,127.248055000,936.000000,5049.667492,10107.616192,5057.948700,100.163995,1.237817,23.893710,28.645979,25.275004,24.835207,25.662475,28.645979,38.016120000,127.249300000,38.016120000,127.249300000,38.016613000,127.249200000,38.016764702,127.249007262,38.015945000,127.249870000,38.016000152,127.250189040,38.015644000,127.249400000,38.015485929,127.249606880,38.016296000,127.248730000,38.016248774,127.248453239
77,78,825932829297,15.387,10.000000,38.015038000,127.248130000,937.000000,5133.770298,10182.501878,5048.731580,98.343543,1.731988,23.704827,28.189891,24.598643,23.505889,24.999813,28.189891,38.016186000,127.249466000,38.016186000,127.249466000,38.016678000,127.249370000,38.016841929,127.249197485,38.016006000,127.250040000,38.016049304,127.250356695,38.015705000,127.249560000,38.015546009,127.249754792,38.016360000,127.248890000,38.016336174,127.248623690
78,79,825932829503,15.593,10.000000,38.015087000,127.248200000,939.000000,5106.673801,10305.560003,5198.886202,101.805723,1.676574,23.304291,28.130230,24.220160,24.082008,24.934172,28.130230,38.016250000,127.249610000,38.016250000,127.249610000,38.016743000,127.249510000,38.016914364,127.249357367,38.016070000,127.250180000,38.016096986,127.250498915,38.015766000,127.249700000,38.015601029,127.249880056,38.016426000,127.249040000,38.016412225,127.248765967
79,80,825932829710,15.800,10.000000,38.015133000,127.248276000,940.000000,5136.689565,10412.754231,5276.064666,102.713325,1.264360,23.231483,27.673307,24.072731,24.430464,24.851996,27.673307,38.016323000,127.249730000,38.016323000,127.249730000,38.016820000,127.249630000,38.016992434,127.249480789,38.016144000,127.250305000,38.016165844,127.250619319,38.015840000,127.249825000,38.015669908,127.249994499,38.016502000,127.249160000,38.016485529,127.248882222
80,81,825932829900,15.990,10.000000,38.015180000,127.248344000,942.000000,5207.172360,10548.373598,5341.201238,102.573928,0.927265,24.325346,27.285760,23.960003,24.939011,25.127530,27.285760,38.016396000,127.249840000,38.016396000,127.249840000,38.016890000,127.249750000,38.017069945,127.249592638,38.016216000,127.250420000,38.016234410,127.250730243,38.015907000,127.249930000,38.015737512,127.250098395,38.016570000,127.249270000,38.016556662,127.248986141
81,82,825932830107,16.197,10.000000,38.015224000,127.248410000,943.000000,5214.891302,10642.277045,5427.385743,104.074763,0.816133,23.258609,26.834950,24.082273,24.931698,24.776882,26.834950,38.016445000,127.249954000,38.016445000,127.249954000,38.016945000,127.249855000,38.017123001,127.249716130,38.016266000,127.250534000,38.016270680,127.250839924,38.015960000,127.250046000,38.015779118,127.250196626,38.016624000,127.249380000,38.016610165,127.249096263
82,83,825932830296,16.386,10.000000,38.015266000,127.248480000,945.000000,5228.204850,10720.141830,5491.936980,105.044411,0.291663,24.032245,26.499163,23.538522,25.557451,24.906845,26.499163,38.016487000,127.250060000,38.016487000,127.250060000,38.016983000,127.249970000,38.017168402,127.249829613,38.016304000,127.250640000,38.016301571,127.250942137,38.015995000,127.250150000,38.015814720,127.250290258,38.016666000,127.249490000,38.016657197,127.249198799
83,84,825932830502,16.592,10.000000,38.015310000,127.248550000,946.000000,5242.690211,10754.941746,5512.251535,105.141660,0.439113,23.596212,26.197155,23.333821,25.626367,24.688389,26.197155,38.016525000,127.250150000,38.016525000,127.250150000,38.017025000,127.250060000,38.017208808,127.249925999,38.016342000,127.250730000,38.016331440,127.251028408,38.016033000,127.250244000,38.015848724,127.250370798,38.016705000,127.249580000,38.016700266,127.249287861
84,85,825932830709,16.799,10.000000,38.015350000,127.248620000,948.000000,5295.562779,10801.321520,5505.758742,103.969285,0.640835,23.727387,26.128339,23.684526,24.984788,24.631260,26.128339,38.016567000,127.250230000,38.016567000,127.250230000,38.017067000,127.250140000,38.017252346,127.250006401,38.016384000,127.250810000,38.016369808,127.251107380,38.016075000,127.250320000,38.015887487,127.250447605,38.016750000,127.249650000,38.016743927,127.249365219
85,86,825932830899,16.989,10.000000,38.015392000,127.248680000,949.000000,5313.426394,10813.892583,5500.466189,103.520135,1.131604,22.743528,25.990636,24.281247,24.959483,24.493723,25.990636,38.016600000,127.250300000,38.016600000,127.250300000,38.017105000,127.250200000,38.017286562,127.250081082,38.016420000,127.250880000,38.016396831,127.251174892,38.016110000,127.250380000,38.015917793,127.250510891,38.016785000,127.249720000,38.016782141,127.249435426
86,87,825932831106,17.196,10.000000,38.015434000,127.248750000,951.000000,5287.475319,10831.066093,5543.590774,104.843814,0.978726,23.248677,25.353763,23.928175,25.786275,24.579223,25.786275,38.016620000,127.250360000,38.016620000,127.250360000,38.017124000,127.250270000,38.017308419,127.250145592,38.016438000,127.250946000,38.016411449,127.251233122,38.016130000,127.250450000,38.015935250,127.250565474,38.016804000,127.249790000,38.016807988,127.249496019
87,88,825932831297,17.387,10.000000,38.015472000,127.248810000,952.000000,5319.086520,10827.589477,5508.502958,103.561071,0.836996,23.132665,25.689683,23.659091,24.759178,24.310154,25.689683,38.016632000,127.250410000,38.016632000,127.250410000,38.017136000,127.250320000,38.017321901,127.250202129,38.016450000,127.250990000,38.016417135,127.251279938,38.016140000,127.250500000,38.015945173,127.250607799,38.016815000,127.249830000,38.016826759,127.249548081
88,89,825932831504,17.594,10.000000,38.015510000,127.248870000,953.000000,5275.884670,10827.482068,5551.597398,105.225905,0.769660,23.481364,25.060380,23.850713,25.188222,24.395170,25.188222,38.016650000,127.250460000,38.016650000,127.250460000,38.017150000,127.250370000,38.017341078,127.250256588,38.016464000,127.251045000,38.016430532,127.251327572,38.016160000,127.250550000,38.015961470,127.250652263,38.016834000,127.249886000,38.016849941,127.249599508
89,90,825932831710,17.800,10.000000,38.015550000,127.248930000,954.000000,5321.095196,10816.148653,5495.053457,103.269219,0.676185,23.461463,24.892721,23.658515,24.611076,24.155944,24.892721,38.016666000,127.250490000,38.016666000,127.250490000,38.017166000,127.250400000,38.017357128,127.250287261,38.016480000,127.251076000,38.016445236,127.251356385,38.016174000,127.250580000,38.015976969,127.250681123,38.016850000,127.249910000,38.016867946,127.249630301
90,91,825932831900,17.990,10.000000,38.015587000,127.248990000,955.000000,5298.777071,10800.594757,5501.817686,103.831839,0.634622,23.359159,25.246276,24.143950,24.499416,24.312200,25.246276,38.016670000,127.250520000,38.016670000,127.250520000,38.017170000,127.250430000,38.017361662,127.250321564,38.016483000,127.251100000,38.016445113,127.251383822,38.016180000,127.250600000,38.015979959,127.250706382,38.016853000,127.249940000,38.016876686,127.249662271
91,92,825932832106,18.196,10.000000,38.015625000,127.249054000,956.000000,5292.041006,10775.487094,5483.446088,103.616848,0.651781,23.231319,25.078969,23.547180,24.352034,24.052375,25.078969,38.016666000,127.250540000,38.016666000,127.250540000,38.017166000,127.250450000,38.017357865,127.250345796,38.016480000,127.251120000,38.016437065,127.251400719,38.016174000,127.250630000,38.015975239,127.250721865,38.016850000,127.249960000,38.016877099,127.249684468
92,93,825932832297,18.387,10.000000,38.015663000,127.249115000,957.000000,5288.526603,10751.310356,5462.783753,103.295004,0.867170,23.246049,24.068321,23.400608,25.073786,23.947191,25.073786,38.016663000,127.250550000,38.016663000,127.250550000,38.017162000,127.250460000,38.017354731,127.250357968,38.016476000,127.251140000,38.016431975,127.251408686,38.016170000,127.250640000,38.015972072,127.250729873,38.016850000,127.249980000,38.016876716,127.249696118
93,94,825932832502,18.592,10.000000,38.015700000,127.249170000,958.000000,5256.748582,10733.223651,5476.475069,104.179893,0.727609,23.014063,24.823880,23.789190,24.108403,23.933884,24.823880,38.016663000,127.250560000,38.016663000,127.250560000,38.017162000,127.250465000,38.017354850,127.250370440,38.016476000,127.251140000,38.016429744,127.251416895,38.016174000,127.250650000,38.015971771,127.250737682,38.016850000,127.249980000,38.016879554,127.249707678
94,95,825932832708,18.798,10.000000,38.015736000,127.249230000,959.000000,5230.828474,10712.084482,5481.256008,104.787531,0.408754,23.397374,24.699332,23.367945,24.506325,23.992744,24.699332,38.016660000,127.250560000,38.016660000,127.250560000,38.017155000,127.250465000,38.017351171,127.250369225,38.016470000,127.251140000,38.016427545,127.251416427,38.016167000,127.250650000,38.015969248,127.250739391,38.016846000,127.249985000,38.016876336,127.249708235
95,96,825932832899,18.989,10.000000,38.015774000,127.249290000,960.000000,5197.821257,10689.531094,5491.709837,105.654072,0.689710,23.160489,24.698420,23.885634,24.322842,24.016846,24.698420,38.016647000,127.250565000,38.016647000,127.250565000,38.017143000,127.250470000,38.017338761,127.250380569,38.016460000,127.251144000,38.016409522,127.251418235,38.016160000,127.250656000,38.015955516,127.250738512,38.016834000,127.249990000,38.016868944,127.249716232
96,97,825932833106,19.196,10.000000,38.015810000,127.249344000,961.000000,5261.856194,10674.261733,5412.405539,102.861145,0.580305,23.219303,24.511183,23.651151,23.777881,23.789879,24.511183,38.016640000,127.250570000,38.016640000,127.250570000,38.017136000,127.250480000,38.017332300,127.250390490,38.016453000,127.251150000,38.016398597,127.251420821,38.016150000,127.250656000,38.015947859,127.250739032,38.016827000,127.249990000,38.016866458,127.249723542
97,98,825932833298,19.388,10.000000,38.015846000,127.249405000,961.000000,5193.096824,10634.146109,5441.049285,104.774655,0.608335,23.187403,24.508419,23.665616,24.100257,23.865424,24.508419,38.016636000,127.250565000,38.016636000,127.250565000,38.017130000,127.250470000,38.017326732,127.250383131,38.016450000,127.251144000,38.016396759,127.251415160,38.016148000,127.250656000,38.015945199,127.250736947,38.016823000,127.249990000,38.016860859,127.249719434
98,99,825932833505,19.595,10.000000,38.015884000,127.249466000,962.000000,5177.290792,10620.299904,5443.009112,105.132382,0.402754,23.394394,24.355664,23.691072,24.081889,23.880755,24.355664,38.016636000,127.250565000,38.016636000,127.250565000,38.017128000,127.250470000,38.017326147,127.250381121,38.016445000,127.251144000,38.016398209,127.251415287,38.016148000,127.250656000,38.015945599,127.250739488,38.016823000,127.249990000,38.016860043,127.249719465
99,100,825932833697,19.787,10.000000,38.015920000,127.249530000,963.000000,5170.105767,10607.238975,5437.133208,105.164835,0.360780,23.717696,24.182518,23.504933,24.499815,23.976240,24.499815,38.016630000,127.250570000,38.016630000,127.250570000,38.017120000,127.250480000,38.017320112,127.250387163,38.016438000,127.251150000,38.016391296,127.251419290,38.016140000,127.250660000,38.015939469,127.250743920,38.016815000,127.250000000,38.016855567,127.249725431
100,101,825932833902,19.992,10.000000,38.015957000,127.249580000,963.000000,5176.598478,10578.165067,5401.566589,104.345868,0.410685,23.198437,24.872737,23.560844,23.410477,23.760624,24.872737,38.016624000,127.250580000,38.016624000,127.250580000,38.017117000,127.250490000,38.017314986,127.250407444,38.016434000,127.251150000,38.016377720,127.251424464,38.016136000,127.250670000,38.015932547,127.250744043,38.016810000,127.250000000,38.016857766,127.249740042
101,102,825932834110,20.200,10.000000,38.015995000,127.249640000,964.000000,5167.469660,10571.995449,5404.525789,104.587470,0.378699,23.380450,24.869512,23.648037,23.421145,23.829786,24.869512,38.016632000,127.250580000,38.016632000,127.250580000,38.017124000,127.250490000,38.017321879,127.250400639,38.016440000,127.251150000,38.016390823,127.251426616,38.016144000,127.250670000,38.015941472,127.250751381,38.016820000,127.250000000,38.016861309,127.249738141
102,103,825932834300,20.390,10.000000,38.016033000,127.249700000,964.000000,5165.837645,10545.416641,5379.578996,104.137593,0.481257,23.505885,24.449329,24.204427,24.172841,24.083120,24.449329,38.016655000,127.250565000,38.016655000,127.250565000,38.017147000,127.250470000,38.017339631,127.250360218,38.016468000,127.251144000,38.016433768,127.251419373,38.016170000,127.250656000,38.015969389,127.250762438,38.016840000,127.249990000,38.016864976,127.249716201
103,104,825932834507,20.597,10.000000,38.016070000,127.249760000,965.000000,5144.669364,10546.551970,5401.882606,104.999607,0.445276,24.750894,25.112289,25.030167,25.375677,25.067257,25.375677,38.016690000,127.250550000,38.016690000,127.250550000,38.017180000,127.250460000,38.017367196,127.250307720,38.016502000,127.251130000,38.016498508,127.251416306,38.016205000,127.250640000,38.016011814,127.250786033,38.016876000,127.249980000,38.016871226,127.249690720
104,105,825932834698,20.788,10.000000,38.016110000,127.249830000,965.000000,5175.712760,10521.944223,5346.231463,103.294594,0.264019,25.775704,26.266948,25.826180,26.463358,26.083047,26.463358,38.016724000,127.250540000,38.016724000,127.250540000,38.017216000,127.250450000,38.017390604,127.250256967,38.016533000,127.251120000,38.016566165,127.251416533,38.016235000,127.250630000,38.016056426,127.250817993,38.016910000,127.249970000,38.016872841,127.249671964
105,106,825932834904,20.994,10.000000,38.016148000,127.249890000,965.000000,5136.977141,10503.526452,5366.549312,104.469013,0.413602,25.865439,27.528840,26.462911,26.443427,26.575154,27.528840,38.016747000,127.250560000,38.016747000,127.250560000,38.017240000,127.250465000,38.017409581,127.250263383,38.016556000,127.251130000,38.016600590,127.251438750,38.016260000,127.250650000,38.016083558,127.250852212,38.016933000,127.249985000,38.016885285,127.249689627
106,107,825932835111,21.201,10.000000,38.016186000,127.249954000,966.000000,5168.251847,10506.764836,5338.512989,103.294366,0.338715,25.619951,26.918400,26.016982,25.895399,26.112683,26.918400,38.016754000,127.250595000,38.016754000,127.250595000,38.017246000,127.250496000,38.017418134,127.250302091,38.016563000,127.251170000,38.016604188,127.251472449,38.016266000,127.250690000,38.016089136,127.250883925,38.016940000,127.250015000,38.016896330,127.249724980
107,108,825932835302,21.392,10.000000,38.016228000,127.250020000,966.000000,5116.986995,10487.096712,5370.109717,104.946714,0.355504,25.573196,26.707632,25.766768,26.296049,26.085911,26.707632,38.016758000,127.250640000,38.016758000,127.250640000,38.017250000,127.250550000,38.017425922,127.250362475,38.016567000,127.251210000,38.016595659,127.251512350,38.016270000,127.250730000,38.016089448,127.250913843,38.016950000,127.250070000,38.016913345,127.249773794
108,109,825932835509,21.599,10.000000,38.016270000,127.250090000,966.000000,5158.634342,10470.440162,5311.805820,102.969225,0.420402,25.070907,25.608054,25.493066,24.917527,25.272389,25.608054,38.016770000,127.250694000,38.016770000,127.250694000,38.017260000,127.250600000,38.017441282,127.250430373,38.016582000,127.251270000,38.016596510,127.251561412,38.016285000,127.250786000,38.016098312,127.250954356,38.016960000,127.250114000,38.016937002,127.249831384
109,110,825932835700,21.790,10.000000,38.016310000,127.250150000,967.000000,5168.345949,10481.023989,5312.678040,102.792617,0.290440,25.568189,25.641412,25.484599,26.156470,25.712668,26.156470,38.016804000,127.250730000,38.016804000,127.250730000,38.017296000,127.250640000,38.017473076,127.250454323,38.016613000,127.251310000,38.016640044,127.251600351,38.016315000,127.250824000,38.016134806,127.251003238,38.016990000,127.250160000,38.016962032,127.249863874
110,111,825932835906,21.996,10.000000,38.016350000,127.250220000,967.000000,5126.704609,10470.065819,5343.361210,104.226040,0.306906,26.157581,26.950977,26.525102,26.401548,26.508802,26.950977,38.016846000,127.250780000,38.016846000,127.250780000,38.017338000,127.250690000,38.017511002,127.250488165,38.016655000,127.251350000,38.016695334,127.251653011,38.016360000,127.250870000,38.016181357,127.251070147,38.017036000,127.250206000,38.016991232,127.249910371
111,112,825932836097,22.187,10.000000,38.016396000,127.250290000,967.000000,5185.170603,10467.186125,5282.015523,101.867729,0.536775,26.568693,27.230317,27.342411,26.260285,26.850426,27.342411,38.016895000,127.250840000,38.016895000,127.250840000,38.017387000,127.250750000,38.017557851,127.250538465,38.016705000,127.251410000,38.016752550,127.251714569,38.016407000,127.250920000,38.016233343,127.251140484,38.017086000,127.250260000,38.017032580,127.249968348
112,113,825932836305,22.395,10.000000,38.016438000,127.250360000,968.000000,5129.149755,10482.256715,5353.106960,104.366361,0.517844,26.160406,26.818760,27.250973,26.460641,26.672695,27.250973,38.016922000,127.250910000,38.016922000,127.250910000,38.017414000,127.250820000,38.017589059,127.250620994,38.016730000,127.251480000,38.016768832,127.251781800,38.016438000,127.250990000,38.016256170,127.251198046,38.017117000,127.250336000,38.017070531,127.250040106
113,114,825932836496,22.586,10.000000,38.016480000,127.250435000,968.000000,5154.502125,10470.252457,5315.750332,103.128298,0.212112,25.344588,25.663529,25.671430,25.825932,25.626370,25.825932,38.016945000,127.250984000,38.016945000,127.250984000,38.017437000,127.250890000,38.017615823,127.250711131,38.016754000,127.251560000,38.016778652,127.251850949,38.016457000,127.251076000,38.016275039,127.251255827,38.017136000,127.250410000,38.017106868,127.250117853
114,115,825932836701,22.791,10.000000,38.016525000,127.250500000,969.000000,5125.641204,10482.210246,5356.569042,104.505345,0.150109,24.907334,25.562189,25.479592,25.591444,25.385140,25.591444,38.016975000,127.251060000,38.016975000,127.251060000,38.017467000,127.250970000,38.017651417,127.250809178,38.016780000,127.251630000,38.016790404,127.251921172,38.016487000,127.251144000,38.016298913,127.251309559,38.017166000,127.250490000,38.017155153,127.250198520
115,116,825932836908,22.998,10.000000,38.016567000,127.250580000,969.000000,5141.302656,10475.840992,5334.538336,103.758496,0.506999,24.999438,25.943094,25.972394,26.080166,25.748773,26.080166,38.017017000,127.251120000,38.017017000,127.251120000,38.017513000,127.251030000,38.017689451,127.250853669,38.016827000,127.251690000,38.016844794,127.251984951,38.016530000,127.251205000,38.016344730,127.251385003,38.017212000,127.250550000,38.017184985,127.250254606
116,117,825932837099,23.189,10.000000,38.016613000,127.250650000,969.000000,5188.210081,10471.763851,5283.553770,101.837699,0.193051,25.644613,25.433862,25.778957,25.913709,25.692785,25.913709,38.017056000,127.251170000,38.017056000,127.251170000,38.017548000,127.251080000,38.017726067,127.250894480,38.016860000,127.251750000,38.016891464,127.252037245,38.016567000,127.251260000,38.016386384,127.251443965,38.017250000,127.250595000,38.017216618,127.250302575
117,118,825932837306,23.396,10.000000,38.016660000,127.250725000,970.000000,5125.896476,10495.511335,5369.614859,104.754649,0.228715,25.326284,25.957641,25.662512,26.029221,25.743914,26.029221,38.017094000,127.251250000,38.017094000,127.251250000,38.017586000,127.251160000,38.017768233,127.250987112,38.016900000,127.251820000,38.016919089,127.252114987,38.016605000,127.251335000,38.016420735,127.251510838,38.017290000,127.250680000,38.017265035,127.250384900
118,119,825932837496,23.586,10.000000,38.016705000,127.250800000,970.000000,5145.723339,10491.424074,5345.700734,103.886283,0.186846,24.909854,25.175273,25.147524,25.573549,25.201550,25.573549,38.017113000,127.251310000,38.017113000,127.251310000,38.017605000,127.251220000,38.017790595,127.251061326,38.016920000,127.251884000,38.016927035,127.252170921,38.016624000,127.251396000,38.016436726,127.251556362,38.017307000,127.250740000,38.017295252,127.250448780
119,120,825932837702,23.792,10.000000,38.016750000,127.250880000,971.000000,5173.291293,10512.171799,5338.880506,103.200848,0.625132,25.530392,24.746591,24.860152,25.658131,25.198817,25.658131,38.017143000,127.251370000,38.017143000,127.251370000,38.017635000,127.251290000,38.017821227,127.251120092,38.016950000,127.251950000,38.016957779,127.252231999,38.016655000,127.251465000,38.016466560,127.251617124,38.017334000,127.250800000,38.017324685,127.250507673
120,121,825932837908,23.998,10.000000,38.016796000,127.250950000,971.000000,5185.394155,10513.776683,5328.382528,102.757522,0.389429,25.365916,24.821604,24.961378,25.337196,25.121524,25.365916,38.017185000,127.251434000,38.017185000,127.251434000,38.017677000,127.251350000,38.017863277,127.251183415,38.016990000,127.252014000,38.017000699,127.252296701,38.016697000,127.251526000,38.016509198,127.251681513,38.017380000,127.250860000,38.017366151,127.250571629
121,122,825932838098,24.188,10.000000,38.016840000,127.251030000,971.000000,5123.076548,10508.189900,5385.113352,105.114833,0.116013,25.401543,26.056611,25.663203,26.004074,25.781358,26.056611,38.017212000,127.251480000,38.017212000,127.251480000,38.017704000,127.251390000,38.017887333,127.251217551,38.017017000,127.252050000,38.017037519,127.252345966,38.016724000,127.251564000,38.016539443,127.251739358,38.017406000,127.250910000,38.017383736,127.250614839
122,123,825932838305,24.395,10.000000,38.016888000,127.251110000,972.000000,5168.159704,10526.141998,5357.982294,103.672924,0.354885,24.890005,25.667557,25.264878,24.709840,25.133070,25.667557,38.017230000,127.251540000,38.017230000,127.251540000,38.017723000,127.251450000,38.017909817,127.251294065,38.017036000,127.252110000,38.017042400,127.252402561,38.016743000,127.251625000,38.016553252,127.251783058,38.017426000,127.250960000,38.017415220,127.250678579
123,124,825932838511,24.601,10.000000,38.016933000,127.251180000,972.000000,5182.558074,10522.949761,5340.391686,103.045477,0.326700,24.440287,24.933589,24.820138,24.367977,24.640498,24.933589,38.017254000,127.251595000,38.017254000,127.251595000,38.017746000,127.251500000,38.017936408,127.251361258,38.017060000,127.252170000,38.017057116,127.252454281,38.016766000,127.251680000,38.016574980,127.251825966,38.017450000,127.251015000,38.017448796,127.250737149
124,125,825932838702,24.792,10.000000,38.016983000,127.251260000,973.000000,5189.965880,10540.911926,5350.946046,103.101758,0.448040,24.616950,25.714023,25.172998,24.721373,25.056336,25.714023,38.017284000,127.251640000,38.017284000,127.251640000,38.017780000,127.251550000,38.017964804,127.251395846,38.017090000,127.252210000,38.017095130,127.252503131,38.016796000,127.251724000,38.016606852,127.251881308,38.017483000,127.251060000,38.017471116,127.250778519
125,126,825932838909,24.999,10.000000,38.017030000,127.251340000,973.000000,5182.436608,10537.337742,5354.901134,103.327866,0.425238,25.402535,25.330317,25.100319,25.903589,25.434190,25.903589,38.017315000,127.251686000,38.017315000,127.251686000,38.017810000,127.251600000,38.017991925,127.251425147,38.017120000,127.252266000,38.017139619,127.252553753,38.016827000,127.251780000,38.016642141,127.251943876,38.017513000,127.251114000,38.017488975,127.250820213
126,127,825932839098,25.188,10.000000,38.017080000,127.251420000,973.000000,5205.982575,10538.112163,5332.129587,102.423116,0.147672,24.753286,24.804240,24.576178,25.052018,24.796431,25.052018,38.017340000,127.251750000,38.017340000,127.251750000,38.017834000,127.251660000,38.018021614,127.251508499,38.017147000,127.252330000,38.017149647,127.252612810,38.016850000,127.251840000,38.016663039,127.251989034,38.017536000,127.251175000,38.017529315,127.250889471
127,128,825932839305,25.395,10.000000,38.017124000,127.251495000,974.000000,5186.240187,10563.148211,5376.908025,103.676417,0.292333,25.319907,24.811165,24.556820,25.111642,24.949883,25.319907,38.017370000,127.251810000,38.017370000,127.251810000,38.017860000,127.251724000,38.018053468,127.251572186,38.017174000,127.252390000,38.017176551,127.252672890,38.016880000,127.251900000,38.016691605,127.252045672,38.017563000,127.251236000,38.017562676,127.250949665
128,129,825932839498,25.588,10.000000,38.017174000,127.251580000,974.000000,5175.176462,10563.793645,5388.617184,104.124318,0.504983,25.055048,25.958786,25.684539,24.886208,25.396145,25.958786,38.017406000,127.251870000,38.017406000,127.251870000,38.017900000,127.251780000,38.018087433,127.251621834,38.017212000,127.252440000,38.017220846,127.252735782,38.016920000,127.251950000,38.016730019,127.252116193,38.017605000,127.251290000,38.017590634,127.251006822
129,130,825932839703,25.793,10.000000,38.017220000,127.251656000,974.000000,5189.105122,10564.915998,5375.810876,103.598034,0.448965,25.586016,26.316446,25.275264,25.187460,25.591296,26.316446,38.017445000,127.251930000,38.017445000,127.251930000,38.017937000,127.251840000,38.018124133,127.251670608,38.017246000,127.252500000,38.017268813,127.252798673,38.016953000,127.252014000,38.016771683,127.252187468,38.017640000,127.251350000,38.017620839,127.251063832
130,131,825932839909,25.999,10.000000,38.017265000,127.251730000,974.000000,5197.626211,10563.219059,5365.592848,103.231603,0.559805,24.217747,25.389570,24.980494,24.265382,24.713298,25.389570,38.017470000,127.252000000,38.017470000,127.252000000,38.017967000,127.251910000,38.018156629,127.251774654,38.017277000,127.252570000,38.017267236,127.252859239,38.016983000,127.252080000,38.016789366,127.252223958,38.017670000,127.251420000,38.017672541,127.251143333
131,132,825932840100,26.190,10.000000,38.017315000,127.251816000,975.000000,5189.950584,10582.822929,5392.872345,103.909898,0.530632,24.175963,25.441773,24.985398,24.323279,24.731603,25.441773,38.017500000,127.252060000,38.017500000,127.252060000,38.017998000,127.251970000,38.018187370,127.251835041,38.017307000,127.252630000,38.017296625,127.252919801,38.017014000,127.252144000,38.016818478,127.252283901,38.017700000,127.251480000,38.017703297,127.251202685
132,133,825932840305,26.395,10.000000,38.017360000,127.251890000,975.000000,5195.961585,10582.064851,5386.103267,103.659413,0.507505,26.118734,25.456927,25.033647,26.074007,25.670829,26.118734,38.017540000,127.252110000,38.017540000,127.252110000,38.018032000,127.252030000,38.018220105,127.251851992,38.017340000,127.252690000,38.017362576,127.252978855,38.017048000,127.252200000,38.016865559,127.252366890,38.017735000,127.251540000,38.017717465,127.251243525
133,134,825932840512,26.602,10.000000,38.017410000,127.251976000,975.000000,5201.572733,10579.956798,5378.384064,103.399190,0.343339,25.538239,25.946133,25.425734,25.447898,25.589501,25.946133,38.017574000,127.252174000,38.017574000,127.252174000,38.018066000,127.252080000,38.018252654,127.251910694,38.017376000,127.252750000,38.017400811,127.253044170,38.017082000,127.252260000,38.016900713,127.252436354,38.017770000,127.251595000,38.017747269,127.251306268
134,135,825932840702,26.792,10.000000,38.017456000,127.252050000,975.000000,5216.000171,10575.852817,5359.852646,102.757908,0.336540,24.719014,25.253485,25.176522,24.687087,24.959027,25.253485,38.017600000,127.252235000,38.017600000,127.252235000,38.018097000,127.252150000,38.018284277,127.251998554,38.017406000,127.252810000,38.017405615,127.253097953,38.017113000,127.252320000,38.016920555,127.252470806,38.017800000,127.251656000,38.017794391,127.251374595
135,136,825932840908,26.998,10.000000,38.017506000,127.252130000,975.000000,5203.032810,10574.623722,5371.590912,103.239613,0.201954,24.647420,24.554270,25.055837,24.694980,24.738127,25.055837,38.017635000,127.252300000,38.017635000,127.252300000,38.018127000,127.252210000,38.018321006,127.252074565,38.017440000,127.252880000,38.017431945,127.253159794,38.017147000,127.252380000,38.016953036,127.252524942,38.017834000,127.251724000,38.017838109,127.251442463
136,137,825932841098,27.188,10.000000,38.017550000,127.252210000,975.000000,5193.291324,10579.485545,5386.194221,103.714463,0.297134,25.985141,25.784348,25.385583,26.062387,25.804365,26.062387,38.017680000,127.252365000,38.017680000,127.252365000,38.018173000,127.252280000,38.018356137,127.252096277,38.017483000,127.252945000,38.017511033,127.253236846,38.017190000,127.252460000,38.017007315,127.252633250,38.017880000,127.251790000,38.017849131,127.251495417
137,138,825932841305,27.395,10.000000,38.017600000,127.252290000,976.000000,5181.529327,10604.558052,5423.028725,104.660775,0.338266,26.326929,26.585990,25.806625,26.303633,26.255794,26.585990,38.017720000,127.252430000,38.017720000,127.252430000,38.018210000,127.252340000,38.018394183,127.252151693,38.017520000,127.253006000,38.017558281,127.253305228,38.017227000,127.252520000,38.017048641,127.252707975,38.017914000,127.251854000,38.017881972,127.251556840
138,139,825932841496,27.586,10.000000,38.017640000,127.252360000,976.000000,5198.436749,10601.476288,5403.039538,103.935852,0.545318,24.583270,25.900054,25.617916,24.883955,25.246299,25.900054,38.017742000,127.252490000,38.017742000,127.252490000,38.018238000,127.252400000,38.018424460,127.252249806,38.017548000,127.253060000,38.017549987,127.253355316,38.017254000,127.252570000,38.017061536,127.252730143,38.017940000,127.251910000,38.017934325,127.251626351
139,140,825932841703,27.793,10.000000,38.017685000,127.252430000,976.000000,5213.224805,10598.959842,5385.735037,103.309089,0.377123,24.321149,24.672068,25.440003,25.061464,24.873671,25.440003,38.017776000,127.252550000,38.017776000,127.252550000,38.018272000,127.252464000,38.018460893,127.252324645,38.017582000,127.253130000,38.017572369,127.253411059,38.017290000,127.252630000,38.017092270,127.252775443,38.017975000,127.251976000,38.017979965,127.251690305
140,141,825932841909,27.999,10.000000,38.017730000,127.252510000,976.000000,5207.193576,10598.001744,5390.808168,103.526172,0.412668,25.909962,26.900091,26.613606,25.967619,26.347820,26.900091,38.017815000,127.252610000,38.017815000,127.252610000,38.018310000,127.252525000,38.018488554,127.252335481,38.017620000,127.253180000,38.017650341,127.253484302,38.017326000,127.252690000,38.017142498,127.252884516,38.018013000,127.252030000,38.017980025,127.251736876
141,142,825932842104,28.194,10.000000,38.017780000,127.252590000,976.000000,5164.239990,10594.454867,5430.214877,105.150320,0.137157,27.552801,28.037657,27.156880,27.909247,27.664146,28.037657,38.017853000,127.252670000,38.017853000,127.252670000,38.018345000,127.252590000,38.018518223,127.252365592,38.017654000,127.253240000,38.017712705,127.253550896,38.017360000,127.252754000,38.017188609,127.252974362,38.018050000,127.252100000,38.017993674,127.251789898
142,143,825932842310,28.400,10.000000,38.017826000,127.252660000,976.000000,5201.550519,10587.744174,5386.193656,103.549771,0.459325,24.333069,25.572770,24.909582,24.645533,24.865239,25.572770,38.017887000,127.252740000,38.017887000,127.252740000,38.018380000,127.252650000,38.018569874,127.252512534,38.017690000,127.253310000,38.017685202,127.253601532,38.017395000,127.252820000,38.017203880,127.252967726,38.018085000,127.252160000,38.018089213,127.251879029
143,144,825932842501,28.591,10.000000,38.017870000,127.252740000,976.000000,5168.315358,10589.673568,5421.358210,104.896041,0.534436,32.940385,32.134277,31.841070,33.013190,32.482230,33.013190,38.017930000,127.252790000,38.017930000,127.252790000,38.018420000,127.252710000,38.018558002,127.252377743,38.017735000,127.253370000,38.017881698,127.253685572,38.017440000,127.252884000,38.017302442,127.253202327,38.018127000,127.252220000,38.017978676,127.251894028
144,145,825932842709,28.799,10.000000,38.017918000,127.252820000,976.000000,5191.780552,10594.029004,5402.248452,104.053867,0.406150,31.261376,88.928347,31.374512,88.187105,59.937835,88.928347,38.017990000,127.252840000,38.017990000,127.252840000,38.018190000,127.252260000,38.018461482,127.252168815,38.018482000,127.252750000,38.018196686,127.253697135,38.017790000,127.253410000,38.017519534,127.253510614,38.017498000,127.252920000,38.017783308,127.251981917
145,146,825932842900,28.990,10.000000,38.017963000,127.252900000,975.000000,5165.538832,10548.330222,5382.791390,104.205806,0.417040,26.221415,64.095891,25.083071,64.510349,44.977682,64.510349,38.018055000,127.252870000,38.018055000,127.252870000,38.018253000,127.252300000,38.018238078,127.252001608,38.018547000,127.252785000,38.018542305,127.253515835,38.017860000,127.253450000,38.017873109,127.253735528,38.017567000,127.252960000,38.017567849,127.252224416
146,147,825932843104,29.194,10.000000,38.018010000,127.252975000,975.000000,5205.283545,10542.717206,5337.433661,102.538769,0.182621,30.767383,55.832827,30.950922,55.503132,43.263566,55.832827,38.018110000,127.252920000,38.018110000,127.252920000,38.018307000,127.252340000,38.018183592,127.252026085,38.018604000,127.252830000,38.018671103,127.253460916,38.017914000,127.253494000,38.018037276,127.253810335,38.017620000,127.253006000,38.017549297,127.252379516
147,148,825932843310,29.400,10.000000,38.018055000,127.253050000,975.000000,5197.504978,10541.899242,5344.394264,102.826150,0.602194,37.574664,47.749291,36.688651,48.975858,42.747116,48.975858,38.018147000,127.252980000,38.018147000,127.252980000,38.018345000,127.252410000,38.018127853,127.252081982,38.018640000,127.252900000,38.018758942,127.253423115,38.017950000,127.253560000,38.018166674,127.253875233,38.017654000,127.253075000,38.017535448,127.252537204
148,149,825932843499,29.589,10.000000,38.018100000,127.253130000,975.000000,5211.170534,10542.117555,5330.947021,102.298456,0.290966,41.065756,43.730004,41.494120,43.369823,42.414926,43.730004,38.018177000,127.253060000,38.018177000,127.253060000,38.018375000,127.252480000,38.018100274,127.252167494,38.018670000,127.252975000,38.018815197,127.253438325,38.017980000,127.253630000,38.018254093,127.253950652,38.017685000,127.253140000,38.017538764,127.252681629
149,150,825932843706,29.796,10.000000,38.018147000,127.253204000,975.000000,5200.267505,10543.536375,5343.268869,102.749885,0.192362,47.123189,37.506862,47.849188,37.671380,42.537655,47.849188,38.018220000,127.253120000,38.018220000,127.253120000,38.018417000,127.252540000,38.018063240,127.252244899,38.018710000,127.253040000,38.018888225,127.253402944,38.018020000,127.253690000,38.018377104,127.253993676,38.017727000,127.253204000,38.017551469,127.252836750
150,151,825932843897,29.987,10.000000,38.018192000,127.253280000,975.000000,5201.367133,10543.295322,5341.928188,102.702387,0.210331,53.133313,33.035188,53.112610,32.745351,43.006616,53.133313,38.018270000,127.253170000,38.018270000,127.253170000,38.018470000,127.252594000,38.018044314,127.252319957,38.018764000,127.253080000,38.018957591,127.253365499,38.018070000,127.253746000,38.018496037,127.254018639,38.017780000,127.253250000,38.017581934,127.252973944
151,152,825932844104,30.194,10.000000,38.018234000,127.253350000,975.000000,5170.231038,10541.465755,5371.234717,103.887712,0.290466,54.726917,31.777163,54.823508,31.277782,43.151343,54.823508,38.018314000,127.253230000,38.018314000,127.253230000,38.018513000,127.252655000,38.018068084,127.252389529,38.018806000,127.253140000,38.019005882,127.253398689,38.018116000,127.253800000,38.018560404,127.254069414,38.017822000,127.253310000,38.017621229,127.253060496
152,153,825932844310,30.400,10.000000,38.018280000,127.253426000,974.000000,5220.652726,10511.126704,5290.473979,101.337405,0.145016,61.115489,26.432964,61.221979,26.969496,43.934982,61.221979,38.018345000,127.253300000,38.018345000,127.253300000,38.018543000,127.252720000,38.018020589,127.252505716,38.018837000,127.253220000,38.019047289,127.253359981,38.018147000,127.253876000,38.018669635,127.254093335,38.017857000,127.253380000,38.017641595,127.253239246
153,154,825932844501,30.591,10.000000,38.018326000,127.253500000,974.000000,5211.279270,10502.616740,5291.337470,101.536248,0.478156,72.419552,22.723957,71.727891,23.751109,47.655627,72.419552,38.018364000,127.253380000,38.018364000,127.253380000,38.018566000,127.252810000,38.017923251,127.252682456,38.018860000,127.253300000,38.019062132,127.253263810,38.018166000,127.253960000,38.018803855,127.254075769,38.017876000,127.253460000,38.017664511,127.253495784
154,155,825932844707,30.797,10.000000,38.018368000,127.253580000,974.000000,5214.403020,10511.826971,5297.423951,101.592146,0.736180,91.248263,35.078833,90.977387,33.492389,62.699218,91.248263,38.018368000,127.253460000,38.018368000,127.253460000,38.018566000,127.252890000,38.017752752,127.253020260,38.018860000,127.253390000,38.018982134,127.253021274,38.018170000,127.254040000,38.018979440,127.253896802,38.017876000,127.253550000,38.017753108,127.253898591
155,156,825932844898,30.988,10.000000,38.018414000,127.253654000,974.000000,5154.931405,10505.858144,5350.926739,103.802094,0.429089,36.426433,93.521276,36.584337,94.278536,65.202645,94.278536,38.018337000,127.253620000,38.018337000,127.253620000,38.018135000,127.254190000,38.017808264,127.254212688,38.017845000,127.253700000,38.018212748,127.252741205,38.018536000,127.253044000,38.018864414,127.253028431,38.018826000,127.253530000,38.018461358,127.254500280
156,157,825932845104,31.194,10.000000,38.018460000,127.253730000,973.000000,5217.533888,10499.770378,5282.236490,101.240099,0.316696,24.683008,64.977192,24.006897,65.403621,44.767680,65.403621,38.018272000,127.253784000,38.018272000,127.253784000,38.018070000,127.254360000,38.018070456,127.254641451,38.017780000,127.253860000,38.017798433,127.253119459,38.018470000,127.253204000,38.018473135,127.252930287,38.018760000,127.253700000,38.018743437,127.254445477
157,158,825932845310,31.400,10.000000,38.018500000,127.253810000,973.000000,5173.462653,10536.311420,5362.848766,103.660723,0.123117,29.838354,57.283004,29.313109,56.979241,43.353427,57.283004,38.018173000,127.253975000,38.018173000,127.253975000,38.017975000,127.254550000,38.018078266,127.254863972,38.017680000,127.254060000,38.017622625,127.253410897,38.018370000,127.253400000,38.018268124,127.253091782,38.018660000,127.253890000,38.018720159,127.254535209
158,159,825932845500,31.590,10.000000,38.018547000,127.253876000,973.000000,5171.957208,10606.835792,5434.878584,105.083595,0.306985,34.526937,51.368122,33.861647,51.735141,42.872962,51.735141,38.018063000,127.254190000,38.018063000,127.254190000,38.017864000,127.254760000,38.018033367,127.255089817,38.017570000,127.254265000,38.017469920,127.253693212,38.018260000,127.253620000,38.018092383,127.253297799,38.018555000,127.254105000,38.018649908,127.254682483
159,160,825932845706,31.796,2.000000,38.018593000,127.253950000,973.000000,5195.394862,423.569022,-4771.825839,-91.847222,0.350194,41.642686,44.837403,41.052552,44.044573,42.894304,44.837403,38.017960000,127.254390000,38.017960000,127.254390000,38.017757000,127.254970000,38.017957918,127.254569467,38.017464000,127.254480000,38.017839671,127.254295602,38.018158000,127.253815000,38.017961549,127.254211158,38.018448000,127.254300000,38.018079934,127.254484264
160,161,825932845913,32.003,2.000000,38.018640000,127.254030000,972.000000,205.039803,427.582916,222.543113,108.536543,0.540058,11.737174,5.765694,11.154378,6.296430,8.738419,11.737174,38.018127000,127.255000000,38.018127000,127.255000000,38.018093000,127.255110000,38.018190737,127.255160204,38.018030000,127.255020000,38.017985163,127.254987087,38.018160000,127.254875000,38.018063858,127.254839164,38.018223000,127.254970000,38.018268271,127.255013041
161,162,825932846104,32.194,2.000000,38.018684000,127.254105000,972.000000,209.870788,426.247180,216.376391,103.099814,0.265600,16.947520,5.406646,16.335169,5.197229,10.971641,16.947520,38.018658000,127.255900000,38.018658000,127.255900000,38.018630000,127.256020000,38.018780480,127.255990687,38.018562000,127.255936000,38.018532937,127.255985395,38.018680000,127.255775000,38.018535684,127.255808728,38.018753000,127.255860000,38.018782874,127.255814458
162,163,825932846311,32.401,2.000000,38.018730000,127.254170000,972.000000,233.655236,446.650403,212.995167,91.157883,0.433344,18.662908,6.871256,18.670029,6.106280,12.577618,18.670029,38.019300000,127.256660000,38.019300000,127.256660000,38.019287000,127.256790000,38.019440917,127.256705641,38.019207000,127.256714000,38.019199835,127.256791822,38.019310000,127.256520000,38.019159927,127.256615047,38.019394000,127.256600000,38.019400444,127.256530853
163,164,825932846502,32.592,2.000000,38.018776000,127.254250000,971.000000,241.560374,479.918255,238.357881,98.674247,0.367778,19.888258,7.640908,19.513379,8.481925,13.881118,19.888258,38.020050000,127.257230000,38.020050000,127.257230000,38.020054000,127.257370000,38.020199818,127.257238964,38.019962000,127.257300000,38.019971223,127.257386338,38.020046000,127.257095000,38.019900329,127.257218769,38.020138000,127.257164000,38.020126020,127.257068485
164,165,825932846707,32.797,2.000000,38.018820000,127.254326000,971.000000,272.641257,488.939994,216.298737,79.334559,0.332944,20.486760,8.378452,20.874905,8.320515,14.515158,20.874905,38.020733000,127.257540000,38.020733000,127.257540000,38.020750000,127.257680000,38.020886295,127.257523024,38.020645000,127.257620000,38.020671161,127.257709582,38.020714000,127.257390000,38.020582742,127.257560002,38.020817000,127.257454000,38.020791148,127.257364977
165,166,825932846899,32.989,2.000000,38.018870000,127.254395000,971.000000,290.765359,536.253627,245.488268,84.428307,0.268529,9.952844,9.010291,9.157919,8.789528,9.227645,9.952844,38.021860000,127.257640000,38.021860000,127.257640000,38.021935000,127.257540000,38.022017556,127.257583574,38.021896000,127.257780000,38.021824106,127.257827203,38.021782000,127.257740000,38.021706512,127.257698490,38.021820000,127.257490000,38.021892015,127.257448904
166,167,825932847106,33.196,2.000000,38.018917000,127.254460000,970.000000,309.237416,623.676837,314.439421,101.682204,0.514613,10.275689,8.858253,10.659634,8.266449,9.515006,10.659634,38.022522000,127.257530000,38.022522000,127.257530000,38.022590000,127.257420000,38.022679171,127.257450286,38.022575000,127.257675000,38.022509207,127.257731819,38.022453000,127.257645000,38.022362581,127.257604980,38.022470000,127.257385000,38.022524379,127.257320806
167,168,825932847297,33.387,2.000000,38.018967000,127.254540000,970.000000,363.190901,671.028910,307.838010,84.759285,0.554291,8.215753,9.066254,9.270908,7.537330,8.522561,9.270908,38.023785000,127.257280000,38.023785000,127.257280000,38.023850000,127.257150000,38.023923708,127.257154749,38.023865000,127.257420000,38.023815166,127.257501773,38.023727000,127.257410000,38.023643931,127.257402442,38.023716000,127.257130000,38.023757152,127.257061745
168,169,825932847504,33.594,2.000000,38.019016000,127.254610000,969.000000,439.473458,674.715095,235.241637,53.528065,0.422736,8.485063,8.810708,7.634703,9.657618,8.647023,9.657618,38.024880000,127.257650000,38.024880000,127.257650000,38.024944000,127.257515000,38.025020202,127.257512775,38.024970000,127.257810000,38.024910144,127.257875738,38.024815000,127.257790000,38.024746418,127.257789403,38.024788000,127.257500000,38.024853612,127.257427947
169,170,825932847710,33.800,2.000000,38.019070000,127.254680000,969.000000,570.553873,1098.117910,527.564037,92.465245,1.636134,10.087354,9.795397,9.448947,8.696086,9.506946,10.087354,38.026160000,127.258026000,38.026160000,127.258026000,38.026237000,127.257870000,38.026327009,127.257883297,38.026276000,127.258194000,38.026278844,127.258305647,38.026090000,127.258170000,38.026005129,127.258171713,38.026050000,127.257860000,38.026090636,127.257775305
170,171,825932847899,33.989,2.000000,38.019120000,127.254745000,969.000000,694.668884,1847.867578,1153.198694,166.006960,1.760559,4.255138,25.854595,5.883007,17.826206,13.454737,25.854595,38.027540000,127.258350000,38.027540000,127.258350000,38.027634000,127.258190000,38.027666756,127.258164989,38.027664000,127.258520000,38.027832760,127.258722575,38.027447000,127.258500000,38.027398999,127.258528067,38.027416000,127.258170000,38.027309196,127.258018529
171,172,825932848105,34.195,2.000000,38.019173000,127.254814000,968.000000,918.279752,1973.015837,1054.736086,114.859996,0.917837,9.813855,12.258345,7.451329,15.427131,11.237665,15.427131,38.029330000,127.258700000,38.029330000,127.258700000,38.029453000,127.258530000,38.029540012,127.258512002,38.029472000,127.258890000,38.029484196,127.259028938,38.029210000,127.258865000,38.029147239,127.258894542,38.029186000,127.258510000,38.029116604,127.258357711
172,173,825932848312,34.402,2.000000,38.019230000,127.254880000,968.000000,1522.885048,2651.918214,1129.033166,74.137780,1.203682,16.227155,13.819866,15.631399,12.449945,14.532091,16.227155,38.031680000,127.259060000,38.031680000,127.259060000,38.031822000,127.258865000,38.031967367,127.258851235,38.031918000,127.259300000,38.031834684,127.259416846,38.031540000,127.259260000,38.031399606,127.259263349,38.031460000,127.258835000,38.031500263,127.258702532
173,174,825932848502,34.592,2.000000,38.019283000,127.254944000,967.000000,2101.512406,5075.726763,2974.214357,141.527328,2.879166,33.309248,19.402985,21.647476,18.392224,23.187983,33.309248,38.034900000,127.259410000,38.034900000,127.259410000,38.035010000,127.259150000,38.035308867,127.259168509,38.035202000,127.259674000,38.035271968,127.259876683,38.034790000,127.259660000,38.034595728,127.259670937,38.034588000,127.259140000,38.034509975,127.258955098
174,175,825932848708,34.798,2.000000,38.019340000,127.255005000,967.000000,3799.355145,9868.380133,6069.024988,159.738291,21.211885,57.485530,52.699503,22.286002,17.923593,37.598657,57.485530,38.038830000,127.259514000,38.038830000,127.259514000,38.039062000,127.259224000,38.039577677,127.259258719,38.039276000,127.259834000,38.039681584,127.260144013,38.038597000,127.259800000,38.038397568,127.259822221,38.038420000,127.259220000,38.038449089,127.259018931
175,176,825932848898,34.988,2.000000,38.019398000,127.255066000,966.000000,7341.390631,49379.908581,42038.517950,572.623363,226.097914,480.278311,405.417483,7.740640,28.421820,230.464563,480.278311,38.042923000,127.259760000,38.042923000,127.259760000,38.043090000,127.259384000,38.047369828,127.260076267,38.043777000,127.260180000,38.047327127,127.261211740,38.042717000,127.260110000,38.042702180,127.260196265,38.042126000,127.259360000,38.042334054,127.259172090
176,177,825932849105,35.195,2.000000,38.019460000,127.255130000,965.000000,7319.411912,49236.655888,41917.243977,572.685955,225.669659,481.527372,403.865506,7.249243,30.249063,230.722796,481.527372,38.042930000,127.259760000,38.042930000,127.259760000,38.043080000,127.259390000,38.047372663,127.260066856,38.043793000,127.260180000,38.047330990,127.261199695,38.042740000,127.260124000,38.042706324,127.260194774,38.042120000,127.259380000,38.042338123,127.259174234
177,178,825932849311,35.401,2.000000,38.019520000,127.255190000,965.000000,7232.885665,48919.540131,41686.654465,576.348865,224.893110,481.376991,401.497131,7.769125,30.432991,230.269060,481.376991,38.042930000,127.259760000,38.042930000,127.259760000,38.043070000,127.259390000,38.047362233,127.260057274,38.043793000,127.260170000,38.047310064,127.261184710,38.042750000,127.260124000,38.042707250,127.260194048,38.042118000,127.259380000,38.042339823,127.259177102
178,179,825932849501,35.591,2.000000,38.019580000,127.255240000,964.000000,7193.135902,48579.804446,41386.668544,575.363362,223.440143,479.877725,398.336951,8.416170,29.552277,229.045781,479.877725,38.042930000,127.259766000,38.042930000,127.259766000,38.043070000,127.259390000,38.047348773,127.260056148,38.043797000,127.260170000,38.047286124,127.261178160,38.042755000,127.260124000,38.042707974,127.260199168,38.042126000,127.259384000,38.042340477,127.259185350
